nohup: ignoring input

============================================================
 analysis_ridge_loo_ROI
 model            : M1_StimOnly
 eta2 >=          : 0.030
 pre-stim window  : 5 s
 post-stim window : 12 s
 time_resampling  : 1.00 s
 output           : /data00/leonardo/github/fUSI_analyses/ANALYSES/VISUAL/HRF_analysis_revision/results_ridge_loo/ridge_loo_M1_StimOnly_eta003_HRF12s.mat
 nSubs            : 27
============================================================

[Warning: MATLAB has disabled some advanced graphics rendering features by
switching to software OpenGL. For more information, click <a
href="matlab:opengl('problems')">here</a>.] 

----------------------------------------
--- Sub 1 / 27 ---
----------------------------------------
  TR = 0.200 s   stim_dur = 15.00 s
    [ 1/51] Fitting ROI: alv        ... done (lambda = 1.00e+03, CV-R2 = 0.000)
    [ 2/51] Fitting ROI: SPA        ... done (lambda = 1.00e+03, CV-R2 = 0.000)
    [ 3/51] Fitting ROI: LHA        ... done (lambda = 1.00e+03, CV-R2 = 0.000)
    [ 4/51] Fitting ROI: ccs        ... done (lambda = 1.00e+03, CV-R2 = 0.000)
    [ 5/51] Fitting ROI: COApm      ... done (lambda = 1.00e+03, CV-R2 = 0.000)
    [ 6/51] Fitting ROI: MD         ... done (lambda = 1.00e+03, CV-R2 = 0.000)
    [ 7/51] Fitting ROI: MH         ... done (lambda = 1.00e+03, CV-R2 = 0.000)
    [ 8/51] Fitting ROI: FC         ... done (lambda = 1.00e+03, CV-R2 = 0.000)
    [ 9/51] Fitting ROI: LGd-sh     ... done (lambda = 1.00e+03, CV-R2 = 0.000)
    [10/51] Fitting ROI: LH         ... done (lambda = 1.00e+03, CV-R2 = 0.000)
    [11/51] Fitting ROI: LP         ... done (lambda = 1.00e+03, CV-R2 = 0.000)
    [12/51] Fitting ROI: VPM        ... done (lambda = 1.00e+03, CV-R2 = 0.000)
    [13/51] Fitting ROI: VPL        ... done (lambda = 1.00e+03, CV-R2 = 0.000)
    [14/51] Fitting ROI: fi         ... done (lambda = 1.00e+03, CV-R2 = 0.000)
    [15/51] Fitting ROI: or         ... done (lambda = 1.00e+03, CV-R2 = 0.000)
    [16/51] Fitting ROI: RT         ... done (lambda = 1.00e+03, CV-R2 = 0.000)
    [17/51] Fitting ROI: ZI         ... done (lambda = 1.00e+03, CV-R2 = 0.000)
    [18/51] Fitting ROI: HY         ... done (lambda = 1.00e+03, CV-R2 = 0.000)
    [19/51] Fitting ROI: VISa       ... done (lambda = 1.00e+03, CV-R2 = 0.000)
    [20/51] Fitting ROI: Eth        ... done (lambda = 1.00e+03, CV-R2 = 0.000)
    [21/51] Fitting ROI: PVT        ... done (lambda = 1.00e+03, CV-R2 = 0.000)
    [22/51] Fitting ROI: RSPagl     ... done (lambda = 1.00e+03, CV-R2 = 0.000)
    [23/51] Fitting ROI: SSs        ... done (lambda = 1.00e+03, CV-R2 = 0.000)
    [24/51] Fitting ROI: LGv        ... done (lambda = 1.00e+03, CV-R2 = 0.000)
    [25/51] Fitting ROI: RSPd       ... done (lambda = 1.00e+03, CV-R2 = 0.000)
    [26/51] Fitting ROI: RSPv       ... done (lambda = 1.00e+03, CV-R2 = 0.000)
    [27/51] Fitting ROI: hbc        ... done (lambda = 1.00e+03, CV-R2 = 0.000)
    [28/51] Fitting ROI: PA         ... done (lambda = 1.00e+03, CV-R2 = 0.000)
    [29/51] Fitting ROI: PF         ... done (lambda = 1.00e+03, CV-R2 = 0.000)
    [30/51] Fitting ROI: PH         ... done (lambda = 1.00e+03, CV-R2 = 0.000)
    [31/51] Fitting ROI: PO         ... done (lambda = 1.00e+03, CV-R2 = 0.000)
    [32/51] Fitting ROI: LGd-co     ... done (lambda = 1.00e+03, CV-R2 = 0.000)
    [33/51] Fitting ROI: cing       ... done (lambda = 1.00e+03, CV-R2 = 0.000)
    [34/51] Fitting ROI: dhc        ... done (lambda = 1.00e+03, CV-R2 = 0.000)
    [35/51] Fitting ROI: V3         ... done (lambda = 1.00e+03, CV-R2 = 0.000)
    [36/51] Fitting ROI: VL         ... done (lambda = 1.00e+03, CV-R2 = 0.000)
    [37/51] Fitting ROI: chpl       ... done (lambda = 1.00e+03, CV-R2 = 0.000)
    [38/51] Fitting ROI: SSp-tr     ... done (lambda = 1.00e+03, CV-R2 = 0.000)
    [39/51] Fitting ROI: SPFm       ... done (lambda = 1.00e+03, CV-R2 = 0.000)
    [40/51] Fitting ROI: SSp-bf     ... done (lambda = 1.00e+03, CV-R2 = 0.000)
    [41/51] Fitting ROI: fiber tracts ... done (lambda = 1.00e+03, CV-R2 = 0.000)
    [42/51] Fitting ROI: fr         ... done (lambda = 1.00e+03, CV-R2 = 0.000)
    [43/51] Fitting ROI: ar         ... done (lambda = 1.00e+03, CV-R2 = 0.000)
    [44/51] Fitting ROI: CL         ... done (lambda = 1.00e+03, CV-R2 = 0.000)
    [45/51] Fitting ROI: TH         ... done (lambda = 1.00e+03, CV-R2 = 0.000)
    [46/51] Fitting ROI: VPMpc      ... done (lambda = 1.00e+03, CV-R2 = 0.000)
    [47/51] Fitting ROI: LGd-ip     ... done (lambda = 1.00e+03, CV-R2 = 0.000)
    [48/51] Fitting ROI: CPcml      ... done (lambda = 1.00e+03, CV-R2 = 0.000)
    [49/51] Fitting ROI: CA1d       ... done (lambda = 1.00e+03, CV-R2 = 0.000)
    [50/51] Fitting ROI: CA3d       ... done (lambda = 1.00e+03, CV-R2 = 0.000)
    [51/51] Fitting ROI: DGd        ... done (lambda = 1.00e+03, CV-R2 = 0.000)
  51 active regions  (lambda range: 1e+03 – 1e+03)

----------------------------------------
--- Sub 2 / 27 ---
----------------------------------------
  TR = 0.200 s   stim_dur = 15.00 s
    [ 1/55] Fitting ROI: alv        ... done (lambda = 1.00e+03, CV-R2 = 0.000)
    [ 2/55] Fitting ROI: SNc        ... done (lambda = 1.00e+03, CV-R2 = 0.000)
    [ 3/55] Fitting ROI: SNr        ... done (lambda = 1.00e+03, CV-R2 = 0.000)
    [ 4/55] Fitting ROI: ccs        ... done (lambda = 1.00e+03, CV-R2 = 0.000)
    [ 5/55] Fitting ROI: IGL        ... done (lambda = 1.00e+03, CV-R2 = 0.000)
    [ 6/55] Fitting ROI: MB         ... done (lambda = 1.00e+03, CV-R2 = 0.000)
    [ 7/55] Fitting ROI: MH         ... done (lambda = 1.00e+03, CV-R2 = 0.000)
    [ 8/55] Fitting ROI: FC         ... done (lambda = 1.00e+03, CV-R2 = 0.000)
    [ 9/55] Fitting ROI: FF         ... done (lambda = 1.00e+03, CV-R2 = 0.000)
    [10/55] Fitting ROI: LGd-sh     ... done (lambda = 1.00e+03, CV-R2 = 0.000)
    [11/55] Fitting ROI: SPFp       ... done (lambda = 1.00e+03, CV-R2 = 0.000)
    [12/55] Fitting ROI: DGv        ... done (lambda = 1.00e+03, CV-R2 = 0.000)
    [13/55] Fitting ROI: LP         ... done (lambda = 1.00e+03, CV-R2 = 0.000)
    [14/55] Fitting ROI: VPM        ... done (lambda = 1.00e+03, CV-R2 = 0.000)
    [15/55] Fitting ROI: CA3v       ... done (lambda = 1.00e+03, CV-R2 = 0.000)
    [16/55] Fitting ROI: CA2v       ... done (lambda = 1.00e+03, CV-R2 = 0.000)
    [17/55] Fitting ROI: CA1v       ... done (lambda = 1.00e+03, CV-R2 = 0.000)
    [18/55] Fitting ROI: ZI         ... done (lambda = 1.00e+03, CV-R2 = 0.000)
    [19/55] Fitting ROI: PRC        ... done (lambda = 1.00e+03, CV-R2 = 0.000)
    [20/55] Fitting ROI: APN        ... done (lambda = 1.00e+03, CV-R2 = 0.000)
    [21/55] Fitting ROI: HATA       ... done (lambda = 1.00e+03, CV-R2 = 0.000)
    [22/55] Fitting ROI: VISa       ... done (lambda = 1.00e+03, CV-R2 = 0.000)
    [23/55] Fitting ROI: Eth        ... done (lambda = 1.00e+03, CV-R2 = 0.000)
    [24/55] Fitting ROI: RSPagl     ... done (lambda = 1.00e+03, CV-R2 = 0.000)
    [25/55] Fitting ROI: SSs        ... done (lambda = 1.00e+03, CV-R2 = 0.000)
    [26/55] Fitting ROI: VTA        ... done (lambda = 1.00e+03, CV-R2 = 0.000)
    [27/55] Fitting ROI: POL        ... done (lambda = 1.00e+03, CV-R2 = 0.000)
    [28/55] Fitting ROI: PoT        ... done (lambda = 1.00e+03, CV-R2 = 0.000)
    [29/55] Fitting ROI: LGv        ... done (lambda = 1.00e+03, CV-R2 = 0.000)
    [30/55] Fitting ROI: RSPd       ... done (lambda = 1.00e+03, CV-R2 = 0.000)
    [31/55] Fitting ROI: RSPv       ... done (lambda = 1.00e+03, CV-R2 = 0.000)
    [32/55] Fitting ROI: hbc        ... done (lambda = 1.00e+03, CV-R2 = 0.000)
    [33/55] Fitting ROI: PF         ... done (lambda = 1.00e+03, CV-R2 = 0.000)
    [34/55] Fitting ROI: PO         ... done (lambda = 1.00e+03, CV-R2 = 0.000)
    [35/55] Fitting ROI: MGm        ... done (lambda = 1.00e+03, CV-R2 = 0.000)
    [36/55] Fitting ROI: LGd-co     ... done (lambda = 1.00e+03, CV-R2 = 0.000)
    [37/55] Fitting ROI: cing       ... done (lambda = 1.00e+03, CV-R2 = 0.000)
    [38/55] Fitting ROI: dhc        ... done (lambda = 1.00e+03, CV-R2 = 0.000)
    [39/55] Fitting ROI: V3         ... done (lambda = 1.00e+03, CV-R2 = 0.000)
    [40/55] Fitting ROI: chpl       ... done (lambda = 1.00e+03, CV-R2 = 0.000)
    [41/55] Fitting ROI: opt        ... done (lambda = 1.00e+03, CV-R2 = 0.000)
    [42/55] Fitting ROI: SSp-tr     ... done (lambda = 1.00e+03, CV-R2 = 0.000)
    [43/55] Fitting ROI: IntG       ... done (lambda = 1.00e+03, CV-R2 = 0.000)
    [44/55] Fitting ROI: SSp-bf     ... done (lambda = 1.00e+03, CV-R2 = 0.000)
    [45/55] Fitting ROI: fiber tracts ... done (lambda = 1.00e+03, CV-R2 = 0.000)
    [46/55] Fitting ROI: ar         ... done (lambda = 1.00e+03, CV-R2 = 0.000)
    [47/55] Fitting ROI: TH         ... done (lambda = 1.00e+03, CV-R2 = 0.000)
    [48/55] Fitting ROI: cpd        ... done (lambda = 1.00e+03, CV-R2 = 0.000)
    [49/55] Fitting ROI: LGd-ip     ... done (lambda = 1.00e+03, CV-R2 = 0.000)
    [50/55] Fitting ROI: MRNam      ... done (lambda = 1.00e+03, CV-R2 = 0.000)
    [51/55] Fitting ROI: PAGa       ... done (lambda = 1.00e+03, CV-R2 = 0.000)
    [52/55] Fitting ROI: CA1d       ... done (lambda = 1.00e+03, CV-R2 = 0.000)
    [53/55] Fitting ROI: CA3d       ... done (lambda = 1.00e+03, CV-R2 = 0.000)
    [54/55] Fitting ROI: DGd        ... done (lambda = 1.00e+03, CV-R2 = 0.000)
    [55/55] Fitting ROI: CA3i       ... done (lambda = 1.00e+03, CV-R2 = 0.000)
  55 active regions  (lambda range: 1e+03 – 1e+03)

----------------------------------------
--- Sub 3 / 27 ---
----------------------------------------
  TR = 0.200 s   stim_dur = 15.00 s
    [ 1/47] Fitting ROI: alv        ... done (lambda = 1.00e+03, CV-R2 = 0.000)
    [ 2/47] Fitting ROI: SNc        ... done (lambda = 1.00e+04, CV-R2 = 0.000)
    [ 3/47] Fitting ROI: SNr        ... done (lambda = 1.00e+03, CV-R2 = 0.000)
    [ 4/47] Fitting ROI: ccs        ... done (lambda = 1.00e+03, CV-R2 = 0.000)
    [ 5/47] Fitting ROI: IGL        ... done (lambda = 1.00e+03, CV-R2 = 0.000)
    [ 6/47] Fitting ROI: MB         ... done (lambda = 1.00e+03, CV-R2 = 0.000)
    [ 7/47] Fitting ROI: MH         ... done (lambda = 1.00e+04, CV-R2 = 0.000)
    [ 8/47] Fitting ROI: FC         ... done (lambda = 1.00e+04, CV-R2 = 0.000)
    [ 9/47] Fitting ROI: FF         ... done (lambda = 1.00e+04, CV-R2 = 0.000)
    [10/47] Fitting ROI: LGd-sh     ... done (lambda = 1.00e+03, CV-R2 = 0.000)
    [11/47] Fitting ROI: SPFp       ... done (lambda = 1.00e+03, CV-R2 = 0.000)
    [12/47] Fitting ROI: DGv        ... done (lambda = 1.00e+04, CV-R2 = 0.000)
    [13/47] Fitting ROI: LP         ... done (lambda = 1.00e+03, CV-R2 = 0.000)
    [14/47] Fitting ROI: VPM        ... done (lambda = 1.00e+03, CV-R2 = 0.000)
    [15/47] Fitting ROI: CA3v       ... done (lambda = 1.00e+03, CV-R2 = 0.000)
    [16/47] Fitting ROI: ZI         ... done (lambda = 1.00e+03, CV-R2 = 0.000)
    [17/47] Fitting ROI: PRC        ... done (lambda = 1.00e+03, CV-R2 = 0.000)
    [18/47] Fitting ROI: APN        ... done (lambda = 1.00e+04, CV-R2 = 0.000)
    [19/47] Fitting ROI: VISa       ... done (lambda = 1.00e+03, CV-R2 = 0.000)
    [20/47] Fitting ROI: Eth        ... done (lambda = 1.00e+03, CV-R2 = 0.000)
    [21/47] Fitting ROI: RSPagl     ... done (lambda = 1.00e+03, CV-R2 = 0.000)
    [22/47] Fitting ROI: POL        ... done (lambda = 1.00e+03, CV-R2 = 0.000)
    [23/47] Fitting ROI: PoT        ... done (lambda = 1.00e+03, CV-R2 = 0.000)
    [24/47] Fitting ROI: LGv        ... done (lambda = 1.00e+03, CV-R2 = 0.000)
    [25/47] Fitting ROI: RSPd       ... done (lambda = 1.00e+03, CV-R2 = 0.000)
    [26/47] Fitting ROI: RSPv       ... done (lambda = 1.00e+03, CV-R2 = 0.000)
    [27/47] Fitting ROI: hbc        ... done (lambda = 1.00e+04, CV-R2 = 0.000)
    [28/47] Fitting ROI: PF         ... done (lambda = 1.00e+03, CV-R2 = 0.000)
    [29/47] Fitting ROI: PO         ... done (lambda = 1.00e+03, CV-R2 = 0.000)
    [30/47] Fitting ROI: MGm        ... done (lambda = 1.00e+04, CV-R2 = 0.000)
    [31/47] Fitting ROI: LGd-co     ... done (lambda = 1.00e+03, CV-R2 = 0.000)
    [32/47] Fitting ROI: cing       ... done (lambda = 1.00e+03, CV-R2 = 0.000)
    [33/47] Fitting ROI: dhc        ... done (lambda = 1.00e+03, CV-R2 = 0.000)
    [34/47] Fitting ROI: V3         ... done (lambda = 1.00e+04, CV-R2 = 0.000)
    [35/47] Fitting ROI: chpl       ... done (lambda = 1.00e+03, CV-R2 = 0.000)
    [36/47] Fitting ROI: SSp-tr     ... done (lambda = 1.00e+04, CV-R2 = 0.000)
    [37/47] Fitting ROI: IntG       ... done (lambda = 1.00e+03, CV-R2 = 0.000)
    [38/47] Fitting ROI: SSp-bf     ... done (lambda = 1.00e+03, CV-R2 = 0.000)
    [39/47] Fitting ROI: fiber tracts ... done (lambda = 1.00e+03, CV-R2 = 0.000)
    [40/47] Fitting ROI: ar         ... done (lambda = 1.00e+03, CV-R2 = 0.000)
    [41/47] Fitting ROI: TH         ... done (lambda = 1.00e+03, CV-R2 = 0.000)
    [42/47] Fitting ROI: LGd-ip     ... done (lambda = 1.00e+03, CV-R2 = 0.000)
    [43/47] Fitting ROI: MRNam      ... done (lambda = 1.00e+04, CV-R2 = 0.000)
    [44/47] Fitting ROI: CA1d       ... done (lambda = 1.00e+04, CV-R2 = 0.000)
    [45/47] Fitting ROI: CA3d       ... done (lambda = 1.00e+03, CV-R2 = 0.000)
    [46/47] Fitting ROI: DGd        ... done (lambda = 1.00e+04, CV-R2 = 0.000)
    [47/47] Fitting ROI: CA3i       ... done (lambda = 1.00e+03, CV-R2 = 0.000)
  47 active regions  (lambda range: 1e+03 – 1e+04)

----------------------------------------
--- Sub 4 / 27 ---
----------------------------------------
  TR = 0.200 s   stim_dur = 15.00 s
    [ 1/57] Fitting ROI: alv        ... done (lambda = 1.00e+03, CV-R2 = 0.000)
    [ 2/57] Fitting ROI: SPA        ... done (lambda = 1.00e+03, CV-R2 = 0.000)
    [ 3/57] Fitting ROI: LHA        ... done (lambda = 1.00e+03, CV-R2 = 0.000)
    [ 4/57] Fitting ROI: ccs        ... done (lambda = 1.00e+03, CV-R2 = 0.000)
    [ 5/57] Fitting ROI: COApm      ... done (lambda = 1.00e+04, CV-R2 = 0.000)
    [ 6/57] Fitting ROI: MD         ... done (lambda = 1.00e+03, CV-R2 = 0.000)
    [ 7/57] Fitting ROI: MH         ... done (lambda = 1.00e+03, CV-R2 = 0.000)
    [ 8/57] Fitting ROI: FC         ... done (lambda = 1.00e+03, CV-R2 = 0.000)
    [ 9/57] Fitting ROI: ml         ... done (lambda = 1.00e+03, CV-R2 = 0.000)
    [10/57] Fitting ROI: LGd-sh     ... done (lambda = 1.00e+03, CV-R2 = 0.000)
    [11/57] Fitting ROI: LH         ... done (lambda = 1.00e+03, CV-R2 = 0.000)
    [12/57] Fitting ROI: LP         ... done (lambda = 1.00e+03, CV-R2 = 0.000)
    [13/57] Fitting ROI: VPM        ... done (lambda = 1.00e+03, CV-R2 = 0.000)
    [14/57] Fitting ROI: VPL        ... done (lambda = 1.00e+03, CV-R2 = 0.000)
    [15/57] Fitting ROI: fi         ... done (lambda = 1.00e+03, CV-R2 = 0.000)
    [16/57] Fitting ROI: or         ... done (lambda = 1.00e+03, CV-R2 = 0.000)
    [17/57] Fitting ROI: AUDv       ... done (lambda = 1.00e+03, CV-R2 = 0.000)
    [18/57] Fitting ROI: RT         ... done (lambda = 1.00e+03, CV-R2 = 0.000)
    [19/57] Fitting ROI: ZI         ... done (lambda = 1.00e+03, CV-R2 = 0.000)
    [20/57] Fitting ROI: HY         ... done (lambda = 1.00e+03, CV-R2 = 0.000)
    [21/57] Fitting ROI: VISa       ... done (lambda = 1.00e+03, CV-R2 = 0.000)
    [22/57] Fitting ROI: st         ... done (lambda = 1.00e+03, CV-R2 = 0.001)
    [23/57] Fitting ROI: Eth        ... done (lambda = 1.00e+03, CV-R2 = 0.000)
    [24/57] Fitting ROI: PVT        ... done (lambda = 1.00e+03, CV-R2 = 0.000)
    [25/57] Fitting ROI: RSPagl     ... done (lambda = 1.00e+03, CV-R2 = 0.000)
    [26/57] Fitting ROI: IMD        ... done (lambda = 1.00e+03, CV-R2 = 0.000)
    [27/57] Fitting ROI: SSs        ... done (lambda = 1.00e+03, CV-R2 = 0.000)
    [28/57] Fitting ROI: VPLpc      ... done (lambda = 1.00e+03, CV-R2 = 0.000)
    [29/57] Fitting ROI: LGv        ... done (lambda = 1.00e+03, CV-R2 = 0.000)
    [30/57] Fitting ROI: RSPd       ... done (lambda = 1.00e+03, CV-R2 = 0.000)
    [31/57] Fitting ROI: RSPv       ... done (lambda = 1.00e+03, CV-R2 = 0.000)
    [32/57] Fitting ROI: PF         ... done (lambda = 1.00e+03, CV-R2 = 0.000)
    [33/57] Fitting ROI: PH         ... done (lambda = 1.00e+03, CV-R2 = 0.000)
    [34/57] Fitting ROI: PO         ... done (lambda = 1.00e+03, CV-R2 = 0.000)
    [35/57] Fitting ROI: AUDd       ... done (lambda = 1.00e+03, CV-R2 = 0.000)
    [36/57] Fitting ROI: TMv        ... done (lambda = 1.00e+03, CV-R2 = 0.000)
    [37/57] Fitting ROI: LGd-co     ... done (lambda = 1.00e+03, CV-R2 = 0.000)
    [38/57] Fitting ROI: cing       ... done (lambda = 1.00e+03, CV-R2 = 0.000)
    [39/57] Fitting ROI: dhc        ... done (lambda = 1.00e+03, CV-R2 = 0.000)
    [40/57] Fitting ROI: V3         ... done (lambda = 1.00e+03, CV-R2 = 0.000)
    [41/57] Fitting ROI: VM         ... done (lambda = 1.00e+03, CV-R2 = 0.000)
    [42/57] Fitting ROI: chpl       ... done (lambda = 1.00e+03, CV-R2 = 0.000)
    [43/57] Fitting ROI: SSp-tr     ... done (lambda = 1.00e+03, CV-R2 = 0.000)
    [44/57] Fitting ROI: SPFm       ... done (lambda = 1.00e+03, CV-R2 = 0.000)
    [45/57] Fitting ROI: SSp-bf     ... done (lambda = 1.00e+03, CV-R2 = 0.000)
    [46/57] Fitting ROI: fiber tracts ... done (lambda = 1.00e+03, CV-R2 = 0.000)
    [47/57] Fitting ROI: fr         ... done (lambda = 1.00e+03, CV-R2 = 0.000)
    [48/57] Fitting ROI: ar         ... done (lambda = 1.00e+03, CV-R2 = 0.000)
    [49/57] Fitting ROI: CL         ... done (lambda = 1.00e+03, CV-R2 = 0.000)
    [50/57] Fitting ROI: TH         ... done (lambda = 1.00e+03, CV-R2 = 0.000)
    [51/57] Fitting ROI: PCN        ... done (lambda = 1.00e+03, CV-R2 = 0.000)
    [52/57] Fitting ROI: VPMpc      ... done (lambda = 1.00e+03, CV-R2 = 0.000)
    [53/57] Fitting ROI: LGd-ip     ... done (lambda = 1.00e+03, CV-R2 = 0.004)
    [54/57] Fitting ROI: CPcml      ... done (lambda = 1.00e+03, CV-R2 = 0.000)
    [55/57] Fitting ROI: CA1d       ... done (lambda = 1.00e+03, CV-R2 = 0.000)
    [56/57] Fitting ROI: CA3d       ... done (lambda = 1.00e+03, CV-R2 = 0.000)
    [57/57] Fitting ROI: DGd        ... done (lambda = 1.00e+03, CV-R2 = 0.000)
  57 active regions  (lambda range: 1e+03 – 1e+04)

----------------------------------------
--- Sub 5 / 27 ---
----------------------------------------
  TR = 0.200 s   stim_dur = 15.00 s
    [ 1/53] Fitting ROI: alv        ... done (lambda = 1.00e+03, CV-R2 = 0.000)
    [ 2/53] Fitting ROI: SPA        ... done (lambda = 1.00e+04, CV-R2 = 0.000)
    [ 3/53] Fitting ROI: LHA        ... done (lambda = 1.00e+04, CV-R2 = 0.000)
    [ 4/53] Fitting ROI: VISrl      ... done (lambda = 1.00e+04, CV-R2 = 0.000)
    [ 5/53] Fitting ROI: ccs        ... done (lambda = 1.00e+03, CV-R2 = 0.000)
    [ 6/53] Fitting ROI: IGL        ... done (lambda = 1.00e+03, CV-R2 = 0.000)
    [ 7/53] Fitting ROI: MD         ... done (lambda = 1.00e+03, CV-R2 = 0.000)
    [ 8/53] Fitting ROI: MB         ... done (lambda = 1.00e+03, CV-R2 = 0.000)
    [ 9/53] Fitting ROI: MH         ... done (lambda = 1.00e+04, CV-R2 = 0.000)
    [10/53] Fitting ROI: FC         ... done (lambda = 1.00e+03, CV-R2 = 0.000)
    [11/53] Fitting ROI: ml         ... done (lambda = 1.00e+04, CV-R2 = 0.000)
    [12/53] Fitting ROI: LGd-sh     ... done (lambda = 1.00e+04, CV-R2 = 0.000)
    [13/53] Fitting ROI: LH         ... done (lambda = 1.00e+03, CV-R2 = 0.000)
    [14/53] Fitting ROI: VISam      ... done (lambda = 1.00e+04, CV-R2 = 0.000)
    [15/53] Fitting ROI: LP         ... done (lambda = 1.00e+03, CV-R2 = 0.000)
    [16/53] Fitting ROI: VPM        ... done (lambda = 1.00e+03, CV-R2 = 0.000)
    [17/53] Fitting ROI: VPL        ... done (lambda = 1.00e+04, CV-R2 = 0.000)
    [18/53] Fitting ROI: fi         ... done (lambda = 1.00e+04, CV-R2 = 0.000)
    [19/53] Fitting ROI: or         ... done (lambda = 1.00e+04, CV-R2 = 0.000)
    [20/53] Fitting ROI: RT         ... done (lambda = 1.00e+04, CV-R2 = 0.000)
    [21/53] Fitting ROI: ZI         ... done (lambda = 1.00e+04, CV-R2 = 0.000)
    [22/53] Fitting ROI: HY         ... done (lambda = 1.00e+03, CV-R2 = 0.000)
    [23/53] Fitting ROI: VISa       ... done (lambda = 1.00e+04, CV-R2 = 0.000)
    [24/53] Fitting ROI: Eth        ... done (lambda = 1.00e+03, CV-R2 = 0.000)
    [25/53] Fitting ROI: PVT        ... done (lambda = 1.00e+03, CV-R2 = 0.000)
    [26/53] Fitting ROI: RSPagl     ... done (lambda = 1.00e+04, CV-R2 = 0.000)
    [27/53] Fitting ROI: IMD        ... done (lambda = 1.00e+04, CV-R2 = 0.000)
    [28/53] Fitting ROI: SSs        ... done (lambda = 1.00e+04, CV-R2 = 0.000)
    [29/53] Fitting ROI: VPLpc      ... done (lambda = 1.00e+03, CV-R2 = 0.000)
    [30/53] Fitting ROI: LGv        ... done (lambda = 1.00e+03, CV-R2 = 0.000)
    [31/53] Fitting ROI: RSPd       ... done (lambda = 1.00e+03, CV-R2 = 0.000)
    [32/53] Fitting ROI: RSPv       ... done (lambda = 1.00e+03, CV-R2 = 0.000)
    [33/53] Fitting ROI: hbc        ... done (lambda = 1.00e+03, CV-R2 = 0.000)
    [34/53] Fitting ROI: PF         ... done (lambda = 1.00e+03, CV-R2 = 0.000)
    [35/53] Fitting ROI: PH         ... done (lambda = 1.00e+03, CV-R2 = 0.000)
    [36/53] Fitting ROI: PO         ... done (lambda = 1.00e+03, CV-R2 = 0.000)
    [37/53] Fitting ROI: LGd-co     ... done (lambda = 1.00e+03, CV-R2 = 0.000)
    [38/53] Fitting ROI: cing       ... done (lambda = 1.00e+03, CV-R2 = 0.000)
    [39/53] Fitting ROI: dhc        ... done (lambda = 1.00e+03, CV-R2 = 0.000)
    [40/53] Fitting ROI: V3         ... done (lambda = 1.00e+03, CV-R2 = 0.000)
    [41/53] Fitting ROI: chpl       ... done (lambda = 1.00e+04, CV-R2 = 0.000)
    [42/53] Fitting ROI: SPFm       ... done (lambda = 1.00e+04, CV-R2 = 0.000)
    [43/53] Fitting ROI: SSp-bf     ... done (lambda = 1.00e+04, CV-R2 = 0.000)
    [44/53] Fitting ROI: fiber tracts ... done (lambda = 1.00e+03, CV-R2 = 0.000)
    [45/53] Fitting ROI: fr         ... done (lambda = 1.00e+03, CV-R2 = 0.000)
    [46/53] Fitting ROI: ar         ... done (lambda = 1.00e+04, CV-R2 = 0.000)
    [47/53] Fitting ROI: CL         ... done (lambda = 1.00e+03, CV-R2 = 0.000)
    [48/53] Fitting ROI: TH         ... done (lambda = 1.00e+03, CV-R2 = 0.000)
    [49/53] Fitting ROI: VPMpc      ... done (lambda = 1.00e+04, CV-R2 = 0.000)
    [50/53] Fitting ROI: LGd-ip     ... done (lambda = 1.00e+04, CV-R2 = 0.000)
    [51/53] Fitting ROI: CA1d       ... done (lambda = 1.00e+03, CV-R2 = 0.000)
    [52/53] Fitting ROI: CA3d       ... done (lambda = 1.00e+04, CV-R2 = 0.000)
    [53/53] Fitting ROI: DGd        ... done (lambda = 1.00e+04, CV-R2 = 0.000)
  53 active regions  (lambda range: 1e+03 – 1e+04)

----------------------------------------
--- Sub 6 / 27 ---
----------------------------------------
  TR = 0.200 s   stim_dur = 15.00 s
    [ 1/69] Fitting ROI: alv        ... done (lambda = 1.00e+03, CV-R2 = 0.000)
    [ 2/69] Fitting ROI: ProS       ... done (lambda = 1.00e+03, CV-R2 = 0.000)
    [ 3/69] Fitting ROI: VISrl      ... done (lambda = 1.00e+03, CV-R2 = 0.000)
    [ 4/69] Fitting ROI: SNr        ... done (lambda = 1.00e+03, CV-R2 = 0.000)
    [ 5/69] Fitting ROI: NPC        ... done (lambda = 1.00e+03, CV-R2 = 0.000)
    [ 6/69] Fitting ROI: mp         ... done (lambda = 1.00e+03, CV-R2 = 0.000)
    [ 7/69] Fitting ROI: ccs        ... done (lambda = 1.00e+03, CV-R2 = 0.000)
    [ 8/69] Fitting ROI: IGL        ... done (lambda = 1.00e+03, CV-R2 = 0.000)
    [ 9/69] Fitting ROI: MB         ... done (lambda = 1.00e+03, CV-R2 = 0.000)
    [10/69] Fitting ROI: FC         ... done (lambda = 1.00e+03, CV-R2 = 0.000)
    [11/69] Fitting ROI: LGd-sh     ... done (lambda = 1.00e+03, CV-R2 = 0.000)
    [12/69] Fitting ROI: SPFp       ... done (lambda = 1.00e+03, CV-R2 = 0.000)
    [13/69] Fitting ROI: VISam      ... done (lambda = 1.00e+04, CV-R2 = 0.000)
    [14/69] Fitting ROI: DGv        ... done (lambda = 1.00e+03, CV-R2 = 0.000)
    [15/69] Fitting ROI: LT         ... done (lambda = 1.00e+04, CV-R2 = 0.000)
    [16/69] Fitting ROI: LP         ... done (lambda = 1.00e+03, CV-R2 = 0.000)
    [17/69] Fitting ROI: CA3v       ... done (lambda = 1.00e+04, CV-R2 = 0.000)
    [18/69] Fitting ROI: CA2v       ... done (lambda = 1.00e+04, CV-R2 = 0.000)
    [19/69] Fitting ROI: CA1v       ... done (lambda = 1.00e+03, CV-R2 = 0.000)
    [20/69] Fitting ROI: or         ... done (lambda = 1.00e+04, CV-R2 = 0.000)
    [21/69] Fitting ROI: ZI         ... done (lambda = 1.00e+03, CV-R2 = 0.000)
    [22/69] Fitting ROI: PRC        ... done (lambda = 1.00e+03, CV-R2 = 0.000)
    [23/69] Fitting ROI: IPRL       ... done (lambda = 1.00e+03, CV-R2 = 0.000)
    [24/69] Fitting ROI: IPR        ... done (lambda = 1.00e+03, CV-R2 = 0.000)
    [25/69] Fitting ROI: APN        ... done (lambda = 1.00e+03, CV-R2 = 0.000)
    [26/69] Fitting ROI: fp         ... done (lambda = 1.00e+04, CV-R2 = 0.000)
    [27/69] Fitting ROI: HATA       ... done (lambda = 1.00e+03, CV-R2 = 0.000)
    [28/69] Fitting ROI: VISa       ... done (lambda = 1.00e+03, CV-R2 = 0.000)
    [29/69] Fitting ROI: Eth        ... done (lambda = 1.00e+03, CV-R2 = 0.000)
    [30/69] Fitting ROI: RSPagl     ... done (lambda = 1.00e+03, CV-R2 = 0.000)
    [31/69] Fitting ROI: HPF        ... done (lambda = 1.00e+03, CV-R2 = 0.000)
    [32/69] Fitting ROI: SSs        ... done (lambda = 1.00e+04, CV-R2 = 0.000)
    [33/69] Fitting ROI: VTA        ... done (lambda = 1.00e+04, CV-R2 = 0.000)
    [34/69] Fitting ROI: POL        ... done (lambda = 1.00e+03, CV-R2 = 0.000)
    [35/69] Fitting ROI: PoT        ... done (lambda = 1.00e+03, CV-R2 = 0.000)
    [36/69] Fitting ROI: LGv        ... done (lambda = 1.00e+03, CV-R2 = 0.000)
    [37/69] Fitting ROI: MGd        ... done (lambda = 1.00e+03, CV-R2 = 0.000)
    [38/69] Fitting ROI: RSPd       ... done (lambda = 1.00e+03, CV-R2 = 0.000)
    [39/69] Fitting ROI: RSPv       ... done (lambda = 1.00e+03, CV-R2 = 0.000)
    [40/69] Fitting ROI: bsc        ... done (lambda = 1.00e+03, CV-R2 = 0.000)
    [41/69] Fitting ROI: PP         ... done (lambda = 1.00e+03, CV-R2 = 0.000)
    [42/69] Fitting ROI: MGm        ... done (lambda = 1.00e+03, CV-R2 = 0.000)
    [43/69] Fitting ROI: MGv        ... done (lambda = 1.00e+03, CV-R2 = 0.000)
    [44/69] Fitting ROI: pc         ... done (lambda = 1.00e+03, CV-R2 = 0.000)
    [45/69] Fitting ROI: LGd-co     ... done (lambda = 1.00e+03, CV-R2 = 0.000)
    [46/69] Fitting ROI: RPF        ... done (lambda = 1.00e+03, CV-R2 = 0.000)
    [47/69] Fitting ROI: cing       ... done (lambda = 1.00e+03, CV-R2 = 0.000)
    [48/69] Fitting ROI: dhc        ... done (lambda = 1.00e+03, CV-R2 = 0.000)
    [49/69] Fitting ROI: V3         ... done (lambda = 1.00e+03, CV-R2 = 0.000)
    [50/69] Fitting ROI: IF         ... done (lambda = 1.00e+04, CV-R2 = 0.000)
    [51/69] Fitting ROI: PIL        ... done (lambda = 1.00e+03, CV-R2 = 0.000)
    [52/69] Fitting ROI: chpl       ... done (lambda = 1.00e+03, CV-R2 = 0.000)
    [53/69] Fitting ROI: OP         ... done (lambda = 1.00e+03, CV-R2 = 0.000)
    [54/69] Fitting ROI: IntG       ... done (lambda = 1.00e+04, CV-R2 = 0.000)
    [55/69] Fitting ROI: SUB        ... done (lambda = 1.00e+03, CV-R2 = 0.000)
    [56/69] Fitting ROI: SSp-bf     ... done (lambda = 1.00e+03, CV-R2 = 0.000)
    [57/69] Fitting ROI: fiber tracts ... done (lambda = 1.00e+03, CV-R2 = 0.000)
    [58/69] Fitting ROI: ar         ... done (lambda = 1.00e+03, CV-R2 = 0.000)
    [59/69] Fitting ROI: TH         ... done (lambda = 1.00e+03, CV-R2 = 0.000)
    [60/69] Fitting ROI: SGN        ... done (lambda = 1.00e+03, CV-R2 = 0.000)
    [61/69] Fitting ROI: cpd        ... done (lambda = 1.00e+04, CV-R2 = 0.000)
    [62/69] Fitting ROI: LGd-ip     ... done (lambda = 1.00e+03, CV-R2 = 0.000)
    [63/69] Fitting ROI: MRNal      ... done (lambda = 1.00e+03, CV-R2 = 0.000)
    [64/69] Fitting ROI: MRNam      ... done (lambda = 1.00e+03, CV-R2 = 0.000)
    [65/69] Fitting ROI: PAGa       ... done (lambda = 1.00e+03, CV-R2 = 0.000)
    [66/69] Fitting ROI: CA1d       ... done (lambda = 1.00e+03, CV-R2 = 0.000)
    [67/69] Fitting ROI: CA3d       ... done (lambda = 1.00e+03, CV-R2 = 0.000)
    [68/69] Fitting ROI: DGd        ... done (lambda = 1.00e+03, CV-R2 = 0.000)
    [69/69] Fitting ROI: CA3i       ... done (lambda = 1.00e+04, CV-R2 = 0.000)
  69 active regions  (lambda range: 1e+03 – 1e+04)

----------------------------------------
--- Sub 7 / 27 ---
----------------------------------------
  TR = 0.200 s   stim_dur = 15.00 s
    [ 1/68] Fitting ROI: alv        ... done (lambda = 1.00e+03, CV-R2 = 0.000)
    [ 2/68] Fitting ROI: ProS       ... done (lambda = 1.00e+03, CV-R2 = 0.000)
    [ 3/68] Fitting ROI: VISrl      ... done (lambda = 1.00e+04, CV-R2 = 0.000)
    [ 4/68] Fitting ROI: SNr        ... done (lambda = 1.00e+03, CV-R2 = 0.000)
    [ 5/68] Fitting ROI: NPC        ... done (lambda = 1.00e+03, CV-R2 = 0.000)
    [ 6/68] Fitting ROI: ccs        ... done (lambda = 1.00e+03, CV-R2 = 0.000)
    [ 7/68] Fitting ROI: IGL        ... done (lambda = 1.00e+03, CV-R2 = 0.000)
    [ 8/68] Fitting ROI: MB         ... done (lambda = 1.00e+03, CV-R2 = 0.000)
    [ 9/68] Fitting ROI: FC         ... done (lambda = 1.00e+03, CV-R2 = 0.000)
    [10/68] Fitting ROI: LGd-sh     ... done (lambda = 1.00e+03, CV-R2 = 0.000)
    [11/68] Fitting ROI: SPFp       ... done (lambda = 1.00e+03, CV-R2 = 0.000)
    [12/68] Fitting ROI: VISam      ... done (lambda = 1.00e+04, CV-R2 = 0.000)
    [13/68] Fitting ROI: DGv        ... done (lambda = 1.00e+03, CV-R2 = 0.000)
    [14/68] Fitting ROI: LP         ... done (lambda = 1.00e+03, CV-R2 = 0.000)
    [15/68] Fitting ROI: CA3v       ... done (lambda = 1.00e+03, CV-R2 = 0.000)
    [16/68] Fitting ROI: CA2v       ... done (lambda = 1.00e+03, CV-R2 = 0.000)
    [17/68] Fitting ROI: CA1v       ... done (lambda = 1.00e+03, CV-R2 = 0.000)
    [18/68] Fitting ROI: or         ... done (lambda = 1.00e+04, CV-R2 = 0.000)
    [19/68] Fitting ROI: ZI         ... done (lambda = 1.00e+03, CV-R2 = 0.000)
    [20/68] Fitting ROI: PRC        ... done (lambda = 1.00e+03, CV-R2 = 0.000)
    [21/68] Fitting ROI: IPR        ... done (lambda = 1.00e+03, CV-R2 = 0.000)
    [22/68] Fitting ROI: APN        ... done (lambda = 1.00e+03, CV-R2 = 0.000)
    [23/68] Fitting ROI: fp         ... done (lambda = 1.00e+04, CV-R2 = 0.000)
    [24/68] Fitting ROI: HATA       ... done (lambda = 1.00e+03, CV-R2 = 0.000)
    [25/68] Fitting ROI: VISa       ... done (lambda = 1.00e+04, CV-R2 = 0.000)
    [26/68] Fitting ROI: Eth        ... done (lambda = 1.00e+03, CV-R2 = 0.000)
    [27/68] Fitting ROI: RSPagl     ... done (lambda = 1.00e+03, CV-R2 = 0.000)
    [28/68] Fitting ROI: HPF        ... done (lambda = 1.00e+03, CV-R2 = 0.000)
    [29/68] Fitting ROI: SSs        ... done (lambda = 1.00e+04, CV-R2 = 0.000)
    [30/68] Fitting ROI: VTA        ... done (lambda = 1.00e+03, CV-R2 = 0.000)
    [31/68] Fitting ROI: POL        ... done (lambda = 1.00e+03, CV-R2 = 0.000)
    [32/68] Fitting ROI: PoT        ... done (lambda = 1.00e+03, CV-R2 = 0.000)
    [33/68] Fitting ROI: LGv        ... done (lambda = 1.00e+03, CV-R2 = 0.000)
    [34/68] Fitting ROI: MGd        ... done (lambda = 1.00e+03, CV-R2 = 0.000)
    [35/68] Fitting ROI: RSPd       ... done (lambda = 1.00e+03, CV-R2 = 0.000)
    [36/68] Fitting ROI: RSPv       ... done (lambda = 1.00e+03, CV-R2 = 0.000)
    [37/68] Fitting ROI: bsc        ... done (lambda = 1.00e+03, CV-R2 = 0.000)
    [38/68] Fitting ROI: Mmd        ... done (lambda = 1.00e+03, CV-R2 = 0.000)
    [39/68] Fitting ROI: MGm        ... done (lambda = 1.00e+03, CV-R2 = 0.000)
    [40/68] Fitting ROI: MGv        ... done (lambda = 1.00e+03, CV-R2 = 0.000)
    [41/68] Fitting ROI: SUM        ... done (lambda = 1.00e+03, CV-R2 = 0.000)
    [42/68] Fitting ROI: AUDd       ... done (lambda = 1.00e+04, CV-R2 = 0.000)
    [43/68] Fitting ROI: pc         ... done (lambda = 1.00e+03, CV-R2 = 0.000)
    [44/68] Fitting ROI: LGd-co     ... done (lambda = 1.00e+03, CV-R2 = 0.000)
    [45/68] Fitting ROI: RPF        ... done (lambda = 1.00e+03, CV-R2 = 0.000)
    [46/68] Fitting ROI: cing       ... done (lambda = 1.00e+03, CV-R2 = 0.000)
    [47/68] Fitting ROI: dhc        ... done (lambda = 1.00e+03, CV-R2 = 0.000)
    [48/68] Fitting ROI: V3         ... done (lambda = 1.00e+03, CV-R2 = 0.000)
    [49/68] Fitting ROI: IF         ... done (lambda = 1.00e+04, CV-R2 = 0.000)
    [50/68] Fitting ROI: chpl       ... done (lambda = 1.00e+03, CV-R2 = 0.000)
    [51/68] Fitting ROI: OP         ... done (lambda = 1.00e+03, CV-R2 = 0.000)
    [52/68] Fitting ROI: IntG       ... done (lambda = 1.00e+03, CV-R2 = 0.000)
    [53/68] Fitting ROI: SUB        ... done (lambda = 1.00e+03, CV-R2 = 0.000)
    [54/68] Fitting ROI: SSp-bf     ... done (lambda = 1.00e+04, CV-R2 = 0.000)
    [55/68] Fitting ROI: fiber tracts ... done (lambda = 1.00e+03, CV-R2 = 0.000)
    [56/68] Fitting ROI: fr         ... done (lambda = 1.00e+04, CV-R2 = 0.000)
    [57/68] Fitting ROI: ar         ... done (lambda = 1.00e+03, CV-R2 = 0.000)
    [58/68] Fitting ROI: TH         ... done (lambda = 1.00e+03, CV-R2 = 0.000)
    [59/68] Fitting ROI: SGN        ... done (lambda = 1.00e+03, CV-R2 = 0.000)
    [60/68] Fitting ROI: cpd        ... done (lambda = 1.00e+03, CV-R2 = 0.000)
    [61/68] Fitting ROI: LGd-ip     ... done (lambda = 1.00e+03, CV-R2 = 0.000)
    [62/68] Fitting ROI: MRNal      ... done (lambda = 1.00e+03, CV-R2 = 0.000)
    [63/68] Fitting ROI: MRNam      ... done (lambda = 1.00e+03, CV-R2 = 0.000)
    [64/68] Fitting ROI: PAGa       ... done (lambda = 1.00e+03, CV-R2 = 0.000)
    [65/68] Fitting ROI: CA1d       ... done (lambda = 1.00e+03, CV-R2 = 0.000)
    [66/68] Fitting ROI: CA3d       ... done (lambda = 1.00e+03, CV-R2 = 0.000)
    [67/68] Fitting ROI: DGd        ... done (lambda = 1.00e+03, CV-R2 = 0.000)
    [68/68] Fitting ROI: CA3i       ... done (lambda = 1.00e+03, CV-R2 = 0.000)
  68 active regions  (lambda range: 1e+03 – 1e+04)

----------------------------------------
--- Sub 8 / 27 ---
----------------------------------------
  TR = 0.200 s   stim_dur = 15.00 s
    [ 1/32] Fitting ROI: alv        ... done (lambda = 1.00e+04, CV-R2 = 0.000)
    [ 2/32] Fitting ROI: NPC        ... done (lambda = 1.00e+04, CV-R2 = 0.000)
    [ 3/32] Fitting ROI: ccs        ... done (lambda = 1.00e+04, CV-R2 = 0.000)
    [ 4/32] Fitting ROI: MB         ... done (lambda = 1.00e+04, CV-R2 = 0.000)
    [ 5/32] Fitting ROI: LGd-sh     ... done (lambda = 1.00e+04, CV-R2 = 0.000)
    [ 6/32] Fitting ROI: VISam      ... done (lambda = 1.00e+04, CV-R2 = 0.000)
    [ 7/32] Fitting ROI: LP         ... done (lambda = 1.00e+03, CV-R2 = 0.000)
    [ 8/32] Fitting ROI: APN        ... done (lambda = 1.00e+04, CV-R2 = 0.000)
    [ 9/32] Fitting ROI: VISa       ... done (lambda = 1.00e+04, CV-R2 = 0.000)
    [10/32] Fitting ROI: Eth        ... done (lambda = 1.00e+04, CV-R2 = 0.000)
    [11/32] Fitting ROI: RSPagl     ... done (lambda = 1.00e+04, CV-R2 = 0.000)
    [12/32] Fitting ROI: POL        ... done (lambda = 1.00e+03, CV-R2 = 0.000)
    [13/32] Fitting ROI: PoT        ... done (lambda = 1.00e+04, CV-R2 = 0.000)
    [14/32] Fitting ROI: MGd        ... done (lambda = 1.00e+03, CV-R2 = 0.000)
    [15/32] Fitting ROI: RSPd       ... done (lambda = 1.00e+04, CV-R2 = 0.000)
    [16/32] Fitting ROI: RSPv       ... done (lambda = 1.00e+04, CV-R2 = 0.000)
    [17/32] Fitting ROI: bsc        ... done (lambda = 1.00e+04, CV-R2 = 0.000)
    [18/32] Fitting ROI: MGm        ... done (lambda = 1.00e+03, CV-R2 = 0.000)
    [19/32] Fitting ROI: MGv        ... done (lambda = 1.00e+03, CV-R2 = 0.000)
    [20/32] Fitting ROI: LGd-co     ... done (lambda = 1.00e+03, CV-R2 = 0.000)
    [21/32] Fitting ROI: cing       ... done (lambda = 1.00e+04, CV-R2 = 0.000)
    [22/32] Fitting ROI: V3         ... done (lambda = 1.00e+04, CV-R2 = 0.000)
    [23/32] Fitting ROI: chpl       ... done (lambda = 1.00e+04, CV-R2 = 0.000)
    [24/32] Fitting ROI: OP         ... done (lambda = 1.00e+04, CV-R2 = 0.000)
    [25/32] Fitting ROI: SUB        ... done (lambda = 1.00e+04, CV-R2 = 0.000)
    [26/32] Fitting ROI: fiber tracts ... done (lambda = 1.00e+04, CV-R2 = 0.000)
    [27/32] Fitting ROI: TH         ... done (lambda = 1.00e+04, CV-R2 = 0.000)
    [28/32] Fitting ROI: SGN        ... done (lambda = 1.00e+04, CV-R2 = 0.000)
    [29/32] Fitting ROI: LGd-ip     ... done (lambda = 1.00e+03, CV-R2 = 0.000)
    [30/32] Fitting ROI: MRNam      ... done (lambda = 1.00e+04, CV-R2 = 0.000)
    [31/32] Fitting ROI: CA1d       ... done (lambda = 1.00e+04, CV-R2 = 0.000)
    [32/32] Fitting ROI: DGd        ... done (lambda = 1.00e+04, CV-R2 = 0.000)
  32 active regions  (lambda range: 1e+03 – 1e+04)

----------------------------------------
--- Sub 9 / 27 ---
----------------------------------------
  TR = 0.200 s   stim_dur = 15.00 s
    [ 1/62] Fitting ROI: alv        ... done (lambda = 1.00e+03, CV-R2 = 0.000)
    [ 2/62] Fitting ROI: SNc        ... done (lambda = 1.00e+03, CV-R2 = 0.000)
    [ 3/62] Fitting ROI: SNr        ... done (lambda = 1.00e+03, CV-R2 = 0.000)
    [ 4/62] Fitting ROI: ccs        ... done (lambda = 1.00e+04, CV-R2 = 0.000)
    [ 5/62] Fitting ROI: IGL        ... done (lambda = 1.00e+03, CV-R2 = 0.000)
    [ 6/62] Fitting ROI: MB         ... done (lambda = 1.00e+03, CV-R2 = 0.000)
    [ 7/62] Fitting ROI: MH         ... done (lambda = 1.00e+03, CV-R2 = 0.000)
    [ 8/62] Fitting ROI: FC         ... done (lambda = 1.00e+03, CV-R2 = 0.000)
    [ 9/62] Fitting ROI: FF         ... done (lambda = 1.00e+03, CV-R2 = 0.000)
    [10/62] Fitting ROI: ml         ... done (lambda = 1.00e+03, CV-R2 = 0.013)
    [11/62] Fitting ROI: LGd-sh     ... done (lambda = 1.00e+03, CV-R2 = 0.000)
    [12/62] Fitting ROI: SPFp       ... done (lambda = 1.00e+03, CV-R2 = 0.017)
    [13/62] Fitting ROI: LH         ... done (lambda = 1.00e+03, CV-R2 = 0.000)
    [14/62] Fitting ROI: DGv        ... done (lambda = 1.00e+03, CV-R2 = 0.000)
    [15/62] Fitting ROI: LP         ... done (lambda = 1.00e+03, CV-R2 = 0.000)
    [16/62] Fitting ROI: VPM        ... done (lambda = 1.00e+03, CV-R2 = 0.000)
    [17/62] Fitting ROI: VPL        ... done (lambda = 1.00e+03, CV-R2 = 0.000)
    [18/62] Fitting ROI: CA3v       ... done (lambda = 1.00e+03, CV-R2 = 0.000)
    [19/62] Fitting ROI: CA1v       ... done (lambda = 1.00e+03, CV-R2 = 0.000)
    [20/62] Fitting ROI: or         ... done (lambda = 1.00e+04, CV-R2 = 0.000)
    [21/62] Fitting ROI: ZI         ... done (lambda = 1.00e+03, CV-R2 = 0.000)
    [22/62] Fitting ROI: PRC        ... done (lambda = 1.00e+03, CV-R2 = 0.000)
    [23/62] Fitting ROI: SSp-un     ... done (lambda = 1.00e+03, CV-R2 = 0.000)
    [24/62] Fitting ROI: HY         ... done (lambda = 1.00e+03, CV-R2 = 0.000)
    [25/62] Fitting ROI: HATA       ... done (lambda = 1.00e+03, CV-R2 = 0.000)
    [26/62] Fitting ROI: SSp-ul     ... done (lambda = 1.00e+03, CV-R2 = 0.000)
    [27/62] Fitting ROI: Eth        ... done (lambda = 1.00e+03, CV-R2 = 0.000)
    [28/62] Fitting ROI: RSPagl     ... done (lambda = 1.00e+03, CV-R2 = 0.000)
    [29/62] Fitting ROI: SSs        ... done (lambda = 1.00e+03, CV-R2 = 0.000)
    [30/62] Fitting ROI: PoT        ... done (lambda = 1.00e+03, CV-R2 = 0.011)
    [31/62] Fitting ROI: LGv        ... done (lambda = 1.00e+03, CV-R2 = 0.000)
    [32/62] Fitting ROI: RSPd       ... done (lambda = 1.00e+03, CV-R2 = 0.000)
    [33/62] Fitting ROI: RSPv       ... done (lambda = 1.00e+03, CV-R2 = 0.000)
    [34/62] Fitting ROI: hbc        ... done (lambda = 1.00e+03, CV-R2 = 0.000)
    [35/62] Fitting ROI: PF         ... done (lambda = 1.00e+03, CV-R2 = 0.000)
    [36/62] Fitting ROI: PH         ... done (lambda = 1.00e+03, CV-R2 = 0.010)
    [37/62] Fitting ROI: PO         ... done (lambda = 1.00e+03, CV-R2 = 0.000)
    [38/62] Fitting ROI: MGm        ... done (lambda = 1.00e+03, CV-R2 = 0.007)
    [39/62] Fitting ROI: scwm       ... done (lambda = 1.00e+04, CV-R2 = 0.000)
    [40/62] Fitting ROI: LGd-co     ... done (lambda = 1.00e+03, CV-R2 = 0.000)
    [41/62] Fitting ROI: cing       ... done (lambda = 1.00e+03, CV-R2 = 0.000)
    [42/62] Fitting ROI: dhc        ... done (lambda = 1.00e+03, CV-R2 = 0.000)
    [43/62] Fitting ROI: V3         ... done (lambda = 1.00e+03, CV-R2 = 0.000)
    [44/62] Fitting ROI: ccb        ... done (lambda = 1.00e+03, CV-R2 = 0.000)
    [45/62] Fitting ROI: chpl       ... done (lambda = 1.00e+03, CV-R2 = 0.000)
    [46/62] Fitting ROI: opt        ... done (lambda = 1.00e+04, CV-R2 = 0.000)
    [47/62] Fitting ROI: SSp-tr     ... done (lambda = 1.00e+04, CV-R2 = 0.000)
    [48/62] Fitting ROI: SSp-bf     ... done (lambda = 1.00e+04, CV-R2 = 0.000)
    [49/62] Fitting ROI: fiber tracts ... done (lambda = 1.00e+03, CV-R2 = 0.000)
    [50/62] Fitting ROI: fr         ... done (lambda = 1.00e+03, CV-R2 = 0.000)
    [51/62] Fitting ROI: ar         ... done (lambda = 1.00e+03, CV-R2 = 0.000)
    [52/62] Fitting ROI: CL         ... done (lambda = 1.00e+03, CV-R2 = 0.000)
    [53/62] Fitting ROI: TH         ... done (lambda = 1.00e+03, CV-R2 = 0.000)
    [54/62] Fitting ROI: cpd        ... done (lambda = 1.00e+03, CV-R2 = 0.000)
    [55/62] Fitting ROI: LGd-ip     ... done (lambda = 1.00e+03, CV-R2 = 0.000)
    [56/62] Fitting ROI: MRNam      ... done (lambda = 1.00e+03, CV-R2 = 0.000)
    [57/62] Fitting ROI: PAGa       ... done (lambda = 1.00e+03, CV-R2 = 0.000)
    [58/62] Fitting ROI: CA1d       ... done (lambda = 1.00e+03, CV-R2 = 0.000)
    [59/62] Fitting ROI: CA3d       ... done (lambda = 1.00e+03, CV-R2 = 0.000)
    [60/62] Fitting ROI: DGd        ... done (lambda = 1.00e+03, CV-R2 = 0.000)
    [61/62] Fitting ROI: CA3i       ... done (lambda = 1.00e+03, CV-R2 = 0.000)
    [62/62] Fitting ROI: CA2d       ... done (lambda = 1.00e+04, CV-R2 = 0.000)
  62 active regions  (lambda range: 1e+03 – 1e+04)

----------------------------------------
--- Sub 10 / 27 ---
----------------------------------------
  TR = 0.200 s   stim_dur = 15.00 s
    [ 1/70] Fitting ROI: alv        ... done (lambda = 1.00e+03, CV-R2 = 0.000)
    [ 2/70] Fitting ROI: SNc        ... done (lambda = 1.00e+04, CV-R2 = 0.000)
    [ 3/70] Fitting ROI: VISrl      ... done (lambda = 1.00e+04, CV-R2 = 0.000)
    [ 4/70] Fitting ROI: SNr        ... done (lambda = 1.00e+04, CV-R2 = 0.000)
    [ 5/70] Fitting ROI: NPC        ... done (lambda = 1.00e+04, CV-R2 = 0.000)
    [ 6/70] Fitting ROI: ccs        ... done (lambda = 1.00e+03, CV-R2 = 0.000)
    [ 7/70] Fitting ROI: Mml        ... done (lambda = 1.00e+04, CV-R2 = 0.000)
    [ 8/70] Fitting ROI: IGL        ... done (lambda = 1.00e+03, CV-R2 = 0.000)
    [ 9/70] Fitting ROI: MB         ... done (lambda = 1.00e+03, CV-R2 = 0.000)
    [10/70] Fitting ROI: MT         ... done (lambda = 1.00e+04, CV-R2 = 0.000)
    [11/70] Fitting ROI: FC         ... done (lambda = 1.00e+03, CV-R2 = 0.000)
    [12/70] Fitting ROI: FF         ... done (lambda = 1.00e+04, CV-R2 = 0.000)
    [13/70] Fitting ROI: LGd-sh     ... done (lambda = 1.00e+03, CV-R2 = 0.000)
    [14/70] Fitting ROI: VISam      ... done (lambda = 1.00e+03, CV-R2 = 0.000)
    [15/70] Fitting ROI: DGv        ... done (lambda = 1.00e+03, CV-R2 = 0.000)
    [16/70] Fitting ROI: LP         ... done (lambda = 1.00e+03, CV-R2 = 0.000)
    [17/70] Fitting ROI: VPM        ... done (lambda = 1.00e+03, CV-R2 = 0.000)
    [18/70] Fitting ROI: CA3v       ... done (lambda = 1.00e+03, CV-R2 = 0.000)
    [19/70] Fitting ROI: CA1v       ... done (lambda = 1.00e+04, CV-R2 = 0.000)
    [20/70] Fitting ROI: ZI         ... done (lambda = 1.00e+03, CV-R2 = 0.000)
    [21/70] Fitting ROI: PRC        ... done (lambda = 1.00e+04, CV-R2 = 0.000)
    [22/70] Fitting ROI: APN        ... done (lambda = 1.00e+03, CV-R2 = 0.000)
    [23/70] Fitting ROI: fp         ... done (lambda = 1.00e+04, CV-R2 = 0.000)
    [24/70] Fitting ROI: HY         ... done (lambda = 1.00e+03, CV-R2 = 0.000)
    [25/70] Fitting ROI: HATA       ... done (lambda = 1.00e+04, CV-R2 = 0.000)
    [26/70] Fitting ROI: VISa       ... done (lambda = 1.00e+03, CV-R2 = 0.000)
    [27/70] Fitting ROI: Eth        ... done (lambda = 1.00e+03, CV-R2 = 0.000)
    [28/70] Fitting ROI: RSPagl     ... done (lambda = 1.00e+03, CV-R2 = 0.000)
    [29/70] Fitting ROI: HPF        ... done (lambda = 1.00e+03, CV-R2 = 0.000)
    [30/70] Fitting ROI: Mmp        ... done (lambda = 1.00e+03, CV-R2 = 0.000)
    [31/70] Fitting ROI: Mmm        ... done (lambda = 1.00e+04, CV-R2 = 0.000)
    [32/70] Fitting ROI: VTA        ... done (lambda = 1.00e+04, CV-R2 = 0.000)
    [33/70] Fitting ROI: POL        ... done (lambda = 1.00e+03, CV-R2 = 0.000)
    [34/70] Fitting ROI: PoT        ... done (lambda = 1.00e+04, CV-R2 = 0.000)
    [35/70] Fitting ROI: LGv        ... done (lambda = 1.00e+03, CV-R2 = 0.000)
    [36/70] Fitting ROI: MGd        ... done (lambda = 1.00e+04, CV-R2 = 0.000)
    [37/70] Fitting ROI: RSPd       ... done (lambda = 1.00e+03, CV-R2 = 0.000)
    [38/70] Fitting ROI: RSPv       ... done (lambda = 1.00e+03, CV-R2 = 0.000)
    [39/70] Fitting ROI: bsc        ... done (lambda = 1.00e+03, CV-R2 = 0.000)
    [40/70] Fitting ROI: Mmd        ... done (lambda = 1.00e+03, CV-R2 = 0.000)
    [41/70] Fitting ROI: hbc        ... done (lambda = 1.00e+04, CV-R2 = 0.000)
    [42/70] Fitting ROI: PH         ... done (lambda = 1.00e+04, CV-R2 = 0.000)
    [43/70] Fitting ROI: PO         ... done (lambda = 1.00e+03, CV-R2 = 0.000)
    [44/70] Fitting ROI: MGm        ... done (lambda = 1.00e+03, CV-R2 = 0.000)
    [45/70] Fitting ROI: MGv        ... done (lambda = 1.00e+04, CV-R2 = 0.000)
    [46/70] Fitting ROI: SUM        ... done (lambda = 1.00e+04, CV-R2 = 0.000)
    [47/70] Fitting ROI: LGd-co     ... done (lambda = 1.00e+03, CV-R2 = 0.000)
    [48/70] Fitting ROI: RPF        ... done (lambda = 1.00e+04, CV-R2 = 0.000)
    [49/70] Fitting ROI: cing       ... done (lambda = 1.00e+03, CV-R2 = 0.000)
    [50/70] Fitting ROI: dhc        ... done (lambda = 1.00e+03, CV-R2 = 0.000)
    [51/70] Fitting ROI: V3         ... done (lambda = 1.00e+03, CV-R2 = 0.000)
    [52/70] Fitting ROI: mfb        ... done (lambda = 1.00e+04, CV-R2 = 0.000)
    [53/70] Fitting ROI: chpl       ... done (lambda = 1.00e+04, CV-R2 = 0.000)
    [54/70] Fitting ROI: opt        ... done (lambda = 1.00e+04, CV-R2 = 0.000)
    [55/70] Fitting ROI: SUB        ... done (lambda = 1.00e+03, CV-R2 = 0.000)
    [56/70] Fitting ROI: SSp-bf     ... done (lambda = 1.00e+04, CV-R2 = 0.000)
    [57/70] Fitting ROI: fiber tracts ... done (lambda = 1.00e+03, CV-R2 = 0.000)
    [58/70] Fitting ROI: fr         ... done (lambda = 1.00e+04, CV-R2 = 0.000)
    [59/70] Fitting ROI: ar         ... done (lambda = 1.00e+03, CV-R2 = 0.000)
    [60/70] Fitting ROI: TH         ... done (lambda = 1.00e+03, CV-R2 = 0.000)
    [61/70] Fitting ROI: SGN        ... done (lambda = 1.00e+03, CV-R2 = 0.000)
    [62/70] Fitting ROI: cpd        ... done (lambda = 1.00e+04, CV-R2 = 0.000)
    [63/70] Fitting ROI: LGd-ip     ... done (lambda = 1.00e+03, CV-R2 = 0.000)
    [64/70] Fitting ROI: MRNal      ... done (lambda = 1.00e+04, CV-R2 = 0.000)
    [65/70] Fitting ROI: MRNam      ... done (lambda = 1.00e+04, CV-R2 = 0.000)
    [66/70] Fitting ROI: PAGa       ... done (lambda = 1.00e+04, CV-R2 = 0.000)
    [67/70] Fitting ROI: CA1d       ... done (lambda = 1.00e+03, CV-R2 = 0.000)
    [68/70] Fitting ROI: CA3d       ... done (lambda = 1.00e+03, CV-R2 = 0.000)
    [69/70] Fitting ROI: DGd        ... done (lambda = 1.00e+03, CV-R2 = 0.000)
    [70/70] Fitting ROI: CA3i       ... done (lambda = 1.00e+03, CV-R2 = 0.000)
  70 active regions  (lambda range: 1e+03 – 1e+04)

----------------------------------------
--- Sub 11 / 27 ---
----------------------------------------
  TR = 0.200 s   stim_dur = 15.00 s
    [ 1/57] Fitting ROI: CPmvl      ... done (lambda = 1.00e+03, CV-R2 = 0.000)
    [ 2/57] Fitting ROI: LHA        ... done (lambda = 1.00e+03, CV-R2 = 0.000)
    [ 3/57] Fitting ROI: AHN        ... done (lambda = 1.00e+03, CV-R2 = 0.000)
    [ 4/57] Fitting ROI: MOp        ... done (lambda = 1.00e+03, CV-R2 = 0.000)
    [ 5/57] Fitting ROI: LSc        ... done (lambda = 1.00e+03, CV-R2 = 0.000)
    [ 6/57] Fitting ROI: LSr        ... done (lambda = 1.00e+03, CV-R2 = 0.000)
    [ 7/57] Fitting ROI: SSp-ll     ... done (lambda = 1.00e+03, CV-R2 = 0.000)
    [ 8/57] Fitting ROI: FS         ... done (lambda = 1.00e+03, CV-R2 = 0.000)
    [ 9/57] Fitting ROI: BST        ... done (lambda = 1.00e+03, CV-R2 = 0.000)
    [10/57] Fitting ROI: SI         ... done (lambda = 1.00e+03, CV-R2 = 0.000)
    [11/57] Fitting ROI: SF         ... done (lambda = 1.00e+03, CV-R2 = 0.000)
    [12/57] Fitting ROI: fi         ... done (lambda = 1.00e+03, CV-R2 = 0.000)
    [13/57] Fitting ROI: sm         ... done (lambda = 1.00e+03, CV-R2 = 0.000)
    [14/57] Fitting ROI: RT         ... done (lambda = 1.00e+03, CV-R2 = 0.000)
    [15/57] Fitting ROI: RE         ... done (lambda = 1.00e+03, CV-R2 = 0.000)
    [16/57] Fitting ROI: SSp-un     ... done (lambda = 1.00e+03, CV-R2 = 0.000)
    [17/57] Fitting ROI: GPe        ... done (lambda = 1.00e+03, CV-R2 = 0.000)
    [18/57] Fitting ROI: ec         ... done (lambda = 1.00e+03, CV-R2 = 0.000)
    [19/57] Fitting ROI: HY         ... done (lambda = 1.00e+03, CV-R2 = 0.000)
    [20/57] Fitting ROI: SSp-ul     ... done (lambda = 1.00e+03, CV-R2 = 0.000)
    [21/57] Fitting ROI: st         ... done (lambda = 1.00e+03, CV-R2 = 0.000)
    [22/57] Fitting ROI: SSp-n      ... done (lambda = 1.00e+03, CV-R2 = 0.000)
    [23/57] Fitting ROI: PVT        ... done (lambda = 1.00e+03, CV-R2 = 0.000)
    [24/57] Fitting ROI: SEZ        ... done (lambda = 1.00e+03, CV-R2 = 0.000)
    [25/57] Fitting ROI: PVH        ... done (lambda = 1.00e+03, CV-R2 = 0.000)
    [26/57] Fitting ROI: CEAm       ... done (lambda = 1.00e+03, CV-R2 = 0.000)
    [27/57] Fitting ROI: SSs        ... done (lambda = 1.00e+03, CV-R2 = 0.000)
    [28/57] Fitting ROI: AAA        ... done (lambda = 1.00e+03, CV-R2 = 0.000)
    [29/57] Fitting ROI: PAL        ... done (lambda = 1.00e+03, CV-R2 = 0.000)
    [30/57] Fitting ROI: PT         ... done (lambda = 1.00e+03, CV-R2 = 0.000)
    [31/57] Fitting ROI: ACAv       ... done (lambda = 1.00e+03, CV-R2 = 0.000)
    [32/57] Fitting ROI: ACAd       ... done (lambda = 1.00e+03, CV-R2 = 0.000)
    [33/57] Fitting ROI: scwm       ... done (lambda = 1.00e+03, CV-R2 = 0.000)
    [34/57] Fitting ROI: cing       ... done (lambda = 1.00e+03, CV-R2 = 0.000)
    [35/57] Fitting ROI: V3         ... done (lambda = 1.00e+03, CV-R2 = 0.000)
    [36/57] Fitting ROI: VL         ... done (lambda = 1.00e+03, CV-R2 = 0.000)
    [37/57] Fitting ROI: IG         ... done (lambda = 1.00e+03, CV-R2 = 0.000)
    [38/57] Fitting ROI: ccb        ... done (lambda = 1.00e+03, CV-R2 = 0.000)
    [39/57] Fitting ROI: chpl       ... done (lambda = 1.00e+03, CV-R2 = 0.000)
    [40/57] Fitting ROI: opt        ... done (lambda = 1.00e+03, CV-R2 = 0.000)
    [41/57] Fitting ROI: AMd        ... done (lambda = 1.00e+03, CV-R2 = 0.000)
    [42/57] Fitting ROI: TRS        ... done (lambda = 1.00e+03, CV-R2 = 0.000)
    [43/57] Fitting ROI: MOs        ... done (lambda = 1.00e+03, CV-R2 = 0.000)
    [44/57] Fitting ROI: fiber tracts ... done (lambda = 1.00e+03, CV-R2 = 0.000)
    [45/57] Fitting ROI: MEA        ... done (lambda = 1.00e+03, CV-R2 = 0.000)
    [46/57] Fitting ROI: STR        ... done (lambda = 1.00e+03, CV-R2 = 0.000)
    [47/57] Fitting ROI: int        ... done (lambda = 1.00e+03, CV-R2 = 0.000)
    [48/57] Fitting ROI: TH         ... done (lambda = 1.00e+03, CV-R2 = 0.000)
    [49/57] Fitting ROI: AMv        ... done (lambda = 1.00e+03, CV-R2 = 0.000)
    [50/57] Fitting ROI: AV         ... done (lambda = 1.00e+03, CV-R2 = 0.000)
    [51/57] Fitting ROI: CPmvc      ... done (lambda = 1.00e+03, CV-R2 = 0.000)
    [52/57] Fitting ROI: CPmmm      ... done (lambda = 1.00e+03, CV-R2 = 0.000)
    [53/57] Fitting ROI: CPmmc      ... done (lambda = 1.00e+03, CV-R2 = 0.000)
    [54/57] Fitting ROI: CPmml      ... done (lambda = 1.00e+03, CV-R2 = 0.000)
    [55/57] Fitting ROI: CPmdm      ... done (lambda = 1.00e+03, CV-R2 = 0.000)
    [56/57] Fitting ROI: CPmdc      ... done (lambda = 1.00e+03, CV-R2 = 0.000)
    [57/57] Fitting ROI: CPmdl      ... done (lambda = 1.00e+03, CV-R2 = 0.000)
  57 active regions  (lambda range: 1e+03 – 1e+03)

----------------------------------------
--- Sub 12 / 27 ---
----------------------------------------
  TR = 0.200 s   stim_dur = 15.00 s
    [ 1/70] Fitting ROI: alv        ... done (lambda = 1.00e+03, CV-R2 = 0.000)
    [ 2/70] Fitting ROI: ProS       ... done (lambda = 1.00e+03, CV-R2 = 0.000)
    [ 3/70] Fitting ROI: SNc        ... done (lambda = 1.00e+03, CV-R2 = 0.000)
    [ 4/70] Fitting ROI: VISrl      ... done (lambda = 1.00e+03, CV-R2 = 0.000)
    [ 5/70] Fitting ROI: SNr        ... done (lambda = 1.00e+03, CV-R2 = 0.000)
    [ 6/70] Fitting ROI: NPC        ... done (lambda = 1.00e+03, CV-R2 = 0.000)
    [ 7/70] Fitting ROI: ccs        ... done (lambda = 1.00e+03, CV-R2 = 0.000)
    [ 8/70] Fitting ROI: IGL        ... done (lambda = 1.00e+03, CV-R2 = 0.000)
    [ 9/70] Fitting ROI: MB         ... done (lambda = 1.00e+03, CV-R2 = 0.000)
    [10/70] Fitting ROI: FC         ... done (lambda = 1.00e+03, CV-R2 = 0.000)
    [11/70] Fitting ROI: NOT        ... done (lambda = 1.00e+03, CV-R2 = 0.000)
    [12/70] Fitting ROI: PPT        ... done (lambda = 1.00e+03, CV-R2 = 0.000)
    [13/70] Fitting ROI: ml         ... done (lambda = 1.00e+03, CV-R2 = 0.000)
    [14/70] Fitting ROI: LGd-sh     ... done (lambda = 1.00e+03, CV-R2 = 0.000)
    [15/70] Fitting ROI: SPFp       ... done (lambda = 1.00e+03, CV-R2 = 0.000)
    [16/70] Fitting ROI: VISam      ... done (lambda = 1.00e+03, CV-R2 = 0.000)
    [17/70] Fitting ROI: DGv        ... done (lambda = 1.00e+03, CV-R2 = 0.000)
    [18/70] Fitting ROI: LT         ... done (lambda = 1.00e+03, CV-R2 = 0.000)
    [19/70] Fitting ROI: LP         ... done (lambda = 1.00e+03, CV-R2 = 0.000)
    [20/70] Fitting ROI: CA3v       ... done (lambda = 1.00e+03, CV-R2 = 0.000)
    [21/70] Fitting ROI: CA1v       ... done (lambda = 1.00e+03, CV-R2 = 0.000)
    [22/70] Fitting ROI: or         ... done (lambda = 1.00e+03, CV-R2 = 0.000)
    [23/70] Fitting ROI: ZI         ... done (lambda = 1.00e+03, CV-R2 = 0.000)
    [24/70] Fitting ROI: PRC        ... done (lambda = 1.00e+03, CV-R2 = 0.000)
    [25/70] Fitting ROI: IPRL       ... done (lambda = 1.00e+03, CV-R2 = 0.000)
    [26/70] Fitting ROI: IPR        ... done (lambda = 1.00e+03, CV-R2 = 0.000)
    [27/70] Fitting ROI: APN        ... done (lambda = 1.00e+03, CV-R2 = 0.000)
    [28/70] Fitting ROI: fp         ... done (lambda = 1.00e+03, CV-R2 = 0.000)
    [29/70] Fitting ROI: HATA       ... done (lambda = 1.00e+03, CV-R2 = 0.000)
    [30/70] Fitting ROI: VISa       ... done (lambda = 1.00e+03, CV-R2 = 0.000)
    [31/70] Fitting ROI: Eth        ... done (lambda = 1.00e+03, CV-R2 = 0.000)
    [32/70] Fitting ROI: RSPagl     ... done (lambda = 1.00e+03, CV-R2 = 0.000)
    [33/70] Fitting ROI: VTA        ... done (lambda = 1.00e+03, CV-R2 = 0.000)
    [34/70] Fitting ROI: POL        ... done (lambda = 1.00e+03, CV-R2 = 0.000)
    [35/70] Fitting ROI: PoT        ... done (lambda = 1.00e+03, CV-R2 = 0.000)
    [36/70] Fitting ROI: LGv        ... done (lambda = 1.00e+03, CV-R2 = 0.000)
    [37/70] Fitting ROI: MGd        ... done (lambda = 1.00e+03, CV-R2 = 0.000)
    [38/70] Fitting ROI: RSPd       ... done (lambda = 1.00e+03, CV-R2 = 0.000)
    [39/70] Fitting ROI: RSPv       ... done (lambda = 1.00e+03, CV-R2 = 0.000)
    [40/70] Fitting ROI: bsc        ... done (lambda = 1.00e+03, CV-R2 = 0.000)
    [41/70] Fitting ROI: PP         ... done (lambda = 1.00e+03, CV-R2 = 0.000)
    [42/70] Fitting ROI: MGm        ... done (lambda = 1.00e+03, CV-R2 = 0.000)
    [43/70] Fitting ROI: MGv        ... done (lambda = 1.00e+03, CV-R2 = 0.000)
    [44/70] Fitting ROI: pc         ... done (lambda = 1.00e+03, CV-R2 = 0.000)
    [45/70] Fitting ROI: scwm       ... done (lambda = 1.00e+03, CV-R2 = 0.000)
    [46/70] Fitting ROI: LGd-co     ... done (lambda = 1.00e+03, CV-R2 = 0.000)
    [47/70] Fitting ROI: RPF        ... done (lambda = 1.00e+03, CV-R2 = 0.000)
    [48/70] Fitting ROI: cing       ... done (lambda = 1.00e+03, CV-R2 = 0.000)
    [49/70] Fitting ROI: dhc        ... done (lambda = 1.00e+03, CV-R2 = 0.000)
    [50/70] Fitting ROI: V3         ... done (lambda = 1.00e+03, CV-R2 = 0.000)
    [51/70] Fitting ROI: IF         ... done (lambda = 1.00e+04, CV-R2 = 0.000)
    [52/70] Fitting ROI: PIL        ... done (lambda = 1.00e+03, CV-R2 = 0.000)
    [53/70] Fitting ROI: chpl       ... done (lambda = 1.00e+03, CV-R2 = 0.000)
    [54/70] Fitting ROI: OP         ... done (lambda = 1.00e+03, CV-R2 = 0.000)
    [55/70] Fitting ROI: IntG       ... done (lambda = 1.00e+03, CV-R2 = 0.000)
    [56/70] Fitting ROI: SUB        ... done (lambda = 1.00e+03, CV-R2 = 0.000)
    [57/70] Fitting ROI: SSp-bf     ... done (lambda = 1.00e+03, CV-R2 = 0.000)
    [58/70] Fitting ROI: fiber tracts ... done (lambda = 1.00e+03, CV-R2 = 0.000)
    [59/70] Fitting ROI: ar         ... done (lambda = 1.00e+03, CV-R2 = 0.000)
    [60/70] Fitting ROI: TH         ... done (lambda = 1.00e+03, CV-R2 = 0.000)
    [61/70] Fitting ROI: SGN        ... done (lambda = 1.00e+03, CV-R2 = 0.000)
    [62/70] Fitting ROI: cpd        ... done (lambda = 1.00e+03, CV-R2 = 0.000)
    [63/70] Fitting ROI: LGd-ip     ... done (lambda = 1.00e+03, CV-R2 = 0.000)
    [64/70] Fitting ROI: MRNal      ... done (lambda = 1.00e+03, CV-R2 = 0.000)
    [65/70] Fitting ROI: MRNam      ... done (lambda = 1.00e+03, CV-R2 = 0.000)
    [66/70] Fitting ROI: PAGa       ... done (lambda = 1.00e+03, CV-R2 = 0.000)
    [67/70] Fitting ROI: CA1d       ... done (lambda = 1.00e+03, CV-R2 = 0.000)
    [68/70] Fitting ROI: CA3d       ... done (lambda = 1.00e+03, CV-R2 = 0.000)
    [69/70] Fitting ROI: DGd        ... done (lambda = 1.00e+03, CV-R2 = 0.000)
    [70/70] Fitting ROI: CA3i       ... done (lambda = 1.00e+03, CV-R2 = 0.000)
  70 active regions  (lambda range: 1e+03 – 1e+04)

----------------------------------------
--- Sub 13 / 27 ---
----------------------------------------
  TR = 0.200 s   stim_dur = 15.00 s
    [ 1/66] Fitting ROI: alv        ... done (lambda = 1.00e+03, CV-R2 = 0.000)
    [ 2/66] Fitting ROI: VISrl      ... done (lambda = 1.00e+04, CV-R2 = 0.000)
    [ 3/66] Fitting ROI: SNr        ... done (lambda = 1.00e+04, CV-R2 = 0.000)
    [ 4/66] Fitting ROI: NPC        ... done (lambda = 1.00e+03, CV-R2 = 0.000)
    [ 5/66] Fitting ROI: mp         ... done (lambda = 1.00e+03, CV-R2 = 0.000)
    [ 6/66] Fitting ROI: ccs        ... done (lambda = 1.00e+03, CV-R2 = 0.000)
    [ 7/66] Fitting ROI: IGL        ... done (lambda = 1.00e+03, CV-R2 = 0.000)
    [ 8/66] Fitting ROI: MB         ... done (lambda = 1.00e+03, CV-R2 = 0.000)
    [ 9/66] Fitting ROI: FC         ... done (lambda = 1.00e+03, CV-R2 = 0.000)
    [10/66] Fitting ROI: IPL        ... done (lambda = 1.00e+03, CV-R2 = 0.000)
    [11/66] Fitting ROI: ml         ... done (lambda = 1.00e+03, CV-R2 = 0.000)
    [12/66] Fitting ROI: LGd-sh     ... done (lambda = 1.00e+03, CV-R2 = 0.000)
    [13/66] Fitting ROI: SPFp       ... done (lambda = 1.00e+03, CV-R2 = 0.000)
    [14/66] Fitting ROI: VISam      ... done (lambda = 1.00e+03, CV-R2 = 0.000)
    [15/66] Fitting ROI: LP         ... done (lambda = 1.00e+03, CV-R2 = 0.000)
    [16/66] Fitting ROI: CA1v       ... done (lambda = 1.00e+03, CV-R2 = 0.000)
    [17/66] Fitting ROI: ZI         ... done (lambda = 1.00e+03, CV-R2 = 0.000)
    [18/66] Fitting ROI: PRC        ... done (lambda = 1.00e+03, CV-R2 = 0.000)
    [19/66] Fitting ROI: RN         ... done (lambda = 1.00e+04, CV-R2 = 0.000)
    [20/66] Fitting ROI: IPRL       ... done (lambda = 1.00e+03, CV-R2 = 0.000)
    [21/66] Fitting ROI: IPR        ... done (lambda = 1.00e+03, CV-R2 = 0.000)
    [22/66] Fitting ROI: APN        ... done (lambda = 1.00e+03, CV-R2 = 0.000)
    [23/66] Fitting ROI: HATA       ... done (lambda = 1.00e+04, CV-R2 = 0.000)
    [24/66] Fitting ROI: VISa       ... done (lambda = 1.00e+03, CV-R2 = 0.000)
    [25/66] Fitting ROI: Eth        ... done (lambda = 1.00e+03, CV-R2 = 0.000)
    [26/66] Fitting ROI: RSPagl     ... done (lambda = 1.00e+03, CV-R2 = 0.000)
    [27/66] Fitting ROI: SSs        ... done (lambda = 1.00e+04, CV-R2 = 0.000)
    [28/66] Fitting ROI: VTA        ... done (lambda = 1.00e+03, CV-R2 = 0.000)
    [29/66] Fitting ROI: POL        ... done (lambda = 1.00e+03, CV-R2 = 0.000)
    [30/66] Fitting ROI: PoT        ... done (lambda = 1.00e+03, CV-R2 = 0.000)
    [31/66] Fitting ROI: LGv        ... done (lambda = 1.00e+03, CV-R2 = 0.000)
    [32/66] Fitting ROI: MGd        ... done (lambda = 1.00e+03, CV-R2 = 0.000)
    [33/66] Fitting ROI: RSPd       ... done (lambda = 1.00e+03, CV-R2 = 0.000)
    [34/66] Fitting ROI: RSPv       ... done (lambda = 1.00e+03, CV-R2 = 0.000)
    [35/66] Fitting ROI: bsc        ... done (lambda = 1.00e+03, CV-R2 = 0.000)
    [36/66] Fitting ROI: PP         ... done (lambda = 1.00e+03, CV-R2 = 0.000)
    [37/66] Fitting ROI: hbc        ... done (lambda = 1.00e+03, CV-R2 = 0.000)
    [38/66] Fitting ROI: MGm        ... done (lambda = 1.00e+03, CV-R2 = 0.000)
    [39/66] Fitting ROI: MGv        ... done (lambda = 1.00e+03, CV-R2 = 0.000)
    [40/66] Fitting ROI: pc         ... done (lambda = 1.00e+03, CV-R2 = 0.000)
    [41/66] Fitting ROI: mcp        ... done (lambda = 1.00e+04, CV-R2 = 0.000)
    [42/66] Fitting ROI: LGd-co     ... done (lambda = 1.00e+03, CV-R2 = 0.000)
    [43/66] Fitting ROI: RPF        ... done (lambda = 1.00e+03, CV-R2 = 0.000)
    [44/66] Fitting ROI: cing       ... done (lambda = 1.00e+03, CV-R2 = 0.000)
    [45/66] Fitting ROI: dhc        ... done (lambda = 1.00e+03, CV-R2 = 0.000)
    [46/66] Fitting ROI: V3         ... done (lambda = 1.00e+03, CV-R2 = 0.000)
    [47/66] Fitting ROI: IF         ... done (lambda = 1.00e+04, CV-R2 = 0.000)
    [48/66] Fitting ROI: PIL        ... done (lambda = 1.00e+03, CV-R2 = 0.000)
    [49/66] Fitting ROI: chpl       ... done (lambda = 1.00e+03, CV-R2 = 0.000)
    [50/66] Fitting ROI: OP         ... done (lambda = 1.00e+03, CV-R2 = 0.000)
    [51/66] Fitting ROI: SUB        ... done (lambda = 1.00e+03, CV-R2 = 0.000)
    [52/66] Fitting ROI: SSp-bf     ... done (lambda = 1.00e+04, CV-R2 = 0.000)
    [53/66] Fitting ROI: fiber tracts ... done (lambda = 1.00e+03, CV-R2 = 0.000)
    [54/66] Fitting ROI: ar         ... done (lambda = 1.00e+04, CV-R2 = 0.000)
    [55/66] Fitting ROI: TH         ... done (lambda = 1.00e+03, CV-R2 = 0.000)
    [56/66] Fitting ROI: SGN        ... done (lambda = 1.00e+03, CV-R2 = 0.000)
    [57/66] Fitting ROI: SCO        ... done (lambda = 1.00e+03, CV-R2 = 0.000)
    [58/66] Fitting ROI: cpd        ... done (lambda = 1.00e+04, CV-R2 = 0.000)
    [59/66] Fitting ROI: LGd-ip     ... done (lambda = 1.00e+03, CV-R2 = 0.000)
    [60/66] Fitting ROI: MRNal      ... done (lambda = 1.00e+03, CV-R2 = 0.000)
    [61/66] Fitting ROI: MRNam      ... done (lambda = 1.00e+03, CV-R2 = 0.000)
    [62/66] Fitting ROI: PAGa       ... done (lambda = 1.00e+03, CV-R2 = 0.000)
    [63/66] Fitting ROI: CA1d       ... done (lambda = 1.00e+03, CV-R2 = 0.000)
    [64/66] Fitting ROI: CA3d       ... done (lambda = 1.00e+03, CV-R2 = 0.000)
    [65/66] Fitting ROI: DGd        ... done (lambda = 1.00e+03, CV-R2 = 0.000)
    [66/66] Fitting ROI: CA3i       ... done (lambda = 1.00e+03, CV-R2 = 0.000)
  66 active regions  (lambda range: 1e+03 – 1e+04)

----------------------------------------
--- Sub 14 / 27 ---
----------------------------------------
  TR = 0.200 s   stim_dur = 15.00 s
    [ 1/39] Fitting ROI: CPmvl      ... done (lambda = 1.00e+03, CV-R2 = 0.000)
    [ 2/39] Fitting ROI: MOp        ... done (lambda = 1.00e+03, CV-R2 = 0.000)
    [ 3/39] Fitting ROI: LSc        ... done (lambda = 1.00e+03, CV-R2 = 0.000)
    [ 4/39] Fitting ROI: LSr        ... done (lambda = 1.00e+03, CV-R2 = 0.000)
    [ 5/39] Fitting ROI: SSp-ll     ... done (lambda = 1.00e+03, CV-R2 = 0.000)
    [ 6/39] Fitting ROI: BST        ... done (lambda = 1.00e+03, CV-R2 = 0.000)
    [ 7/39] Fitting ROI: SF         ... done (lambda = 1.00e+03, CV-R2 = 0.000)
    [ 8/39] Fitting ROI: fi         ... done (lambda = 1.00e+03, CV-R2 = 0.000)
    [ 9/39] Fitting ROI: sm         ... done (lambda = 1.00e+03, CV-R2 = 0.000)
    [10/39] Fitting ROI: RT         ... done (lambda = 1.00e+03, CV-R2 = 0.004)
    [11/39] Fitting ROI: GPe        ... done (lambda = 1.00e+03, CV-R2 = 0.000)
    [12/39] Fitting ROI: SSp-ul     ... done (lambda = 1.00e+03, CV-R2 = 0.000)
    [13/39] Fitting ROI: st         ... done (lambda = 1.00e+03, CV-R2 = 0.000)
    [14/39] Fitting ROI: SEZ        ... done (lambda = 1.00e+03, CV-R2 = 0.000)
    [15/39] Fitting ROI: CEAm       ... done (lambda = 1.00e+03, CV-R2 = 0.000)
    [16/39] Fitting ROI: AAA        ... done (lambda = 1.00e+03, CV-R2 = 0.000)
    [17/39] Fitting ROI: PAL        ... done (lambda = 1.00e+03, CV-R2 = 0.000)
    [18/39] Fitting ROI: ACAv       ... done (lambda = 1.00e+03, CV-R2 = 0.000)
    [19/39] Fitting ROI: ACAd       ... done (lambda = 1.00e+03, CV-R2 = 0.000)
    [20/39] Fitting ROI: scwm       ... done (lambda = 1.00e+03, CV-R2 = 0.000)
    [21/39] Fitting ROI: cing       ... done (lambda = 1.00e+03, CV-R2 = 0.000)
    [22/39] Fitting ROI: V3         ... done (lambda = 1.00e+03, CV-R2 = 0.000)
    [23/39] Fitting ROI: VL         ... done (lambda = 1.00e+03, CV-R2 = 0.000)
    [24/39] Fitting ROI: ccb        ... done (lambda = 1.00e+03, CV-R2 = 0.000)
    [25/39] Fitting ROI: chpl       ... done (lambda = 1.00e+03, CV-R2 = 0.000)
    [26/39] Fitting ROI: opt        ... done (lambda = 1.00e+04, CV-R2 = 0.000)
    [27/39] Fitting ROI: MOs        ... done (lambda = 1.00e+03, CV-R2 = 0.000)
    [28/39] Fitting ROI: fiber tracts ... done (lambda = 1.00e+03, CV-R2 = 0.000)
    [29/39] Fitting ROI: MEA        ... done (lambda = 1.00e+03, CV-R2 = 0.000)
    [30/39] Fitting ROI: STR        ... done (lambda = 1.00e+03, CV-R2 = 0.000)
    [31/39] Fitting ROI: int        ... done (lambda = 1.00e+03, CV-R2 = 0.000)
    [32/39] Fitting ROI: TH         ... done (lambda = 1.00e+03, CV-R2 = 0.000)
    [33/39] Fitting ROI: AV         ... done (lambda = 1.00e+03, CV-R2 = 0.000)
    [34/39] Fitting ROI: CPmvc      ... done (lambda = 1.00e+03, CV-R2 = 0.000)
    [35/39] Fitting ROI: CPmmm      ... done (lambda = 1.00e+03, CV-R2 = 0.000)
    [36/39] Fitting ROI: CPmmc      ... done (lambda = 1.00e+03, CV-R2 = 0.000)
    [37/39] Fitting ROI: CPmml      ... done (lambda = 1.00e+03, CV-R2 = 0.000)
    [38/39] Fitting ROI: CPmdm      ... done (lambda = 1.00e+03, CV-R2 = 0.000)
    [39/39] Fitting ROI: CPmdc      ... done (lambda = 1.00e+03, CV-R2 = 0.000)
  39 active regions  (lambda range: 1e+03 – 1e+04)

----------------------------------------
--- Sub 15 / 27 ---
----------------------------------------
  TR = 0.200 s   stim_dur = 15.00 s
    [ 1/75] Fitting ROI: alv        ... done (lambda = 1.00e+03, CV-R2 = 0.000)
    [ 2/75] Fitting ROI: SNc        ... done (lambda = 1.00e+03, CV-R2 = 0.000)
    [ 3/75] Fitting ROI: VISrl      ... done (lambda = 1.00e+03, CV-R2 = 0.000)
    [ 4/75] Fitting ROI: P          ... done (lambda = 1.00e+03, CV-R2 = 0.000)
    [ 5/75] Fitting ROI: SNr        ... done (lambda = 1.00e+03, CV-R2 = 0.000)
    [ 6/75] Fitting ROI: NPC        ... done (lambda = 1.00e+03, CV-R2 = 0.000)
    [ 7/75] Fitting ROI: ccs        ... done (lambda = 1.00e+03, CV-R2 = 0.000)
    [ 8/75] Fitting ROI: IGL        ... done (lambda = 1.00e+03, CV-R2 = 0.000)
    [ 9/75] Fitting ROI: MB         ... done (lambda = 1.00e+03, CV-R2 = 0.000)
    [10/75] Fitting ROI: FC         ... done (lambda = 1.00e+03, CV-R2 = 0.000)
    [11/75] Fitting ROI: ml         ... done (lambda = 1.00e+03, CV-R2 = 0.000)
    [12/75] Fitting ROI: LGd-sh     ... done (lambda = 1.00e+03, CV-R2 = 0.000)
    [13/75] Fitting ROI: SPFp       ... done (lambda = 1.00e+03, CV-R2 = 0.000)
    [14/75] Fitting ROI: VISam      ... done (lambda = 1.00e+03, CV-R2 = 0.000)
    [15/75] Fitting ROI: DGv        ... done (lambda = 1.00e+03, CV-R2 = 0.000)
    [16/75] Fitting ROI: LT         ... done (lambda = 1.00e+03, CV-R2 = 0.000)
    [17/75] Fitting ROI: LP         ... done (lambda = 1.00e+03, CV-R2 = 0.000)
    [18/75] Fitting ROI: VPM        ... done (lambda = 1.00e+03, CV-R2 = 0.000)
    [19/75] Fitting ROI: CA3v       ... done (lambda = 1.00e+03, CV-R2 = 0.000)
    [20/75] Fitting ROI: or         ... done (lambda = 1.00e+03, CV-R2 = 0.000)
    [21/75] Fitting ROI: AUDv       ... done (lambda = 1.00e+03, CV-R2 = 0.000)
    [22/75] Fitting ROI: ZI         ... done (lambda = 1.00e+03, CV-R2 = 0.000)
    [23/75] Fitting ROI: PRC        ... done (lambda = 1.00e+03, CV-R2 = 0.000)
    [24/75] Fitting ROI: IPRL       ... done (lambda = 1.00e+03, CV-R2 = 0.000)
    [25/75] Fitting ROI: IPR        ... done (lambda = 1.00e+03, CV-R2 = 0.000)
    [26/75] Fitting ROI: APN        ... done (lambda = 1.00e+03, CV-R2 = 0.000)
    [27/75] Fitting ROI: fp         ... done (lambda = 1.00e+03, CV-R2 = 0.000)
    [28/75] Fitting ROI: VISa       ... done (lambda = 1.00e+03, CV-R2 = 0.000)
    [29/75] Fitting ROI: Eth        ... done (lambda = 1.00e+03, CV-R2 = 0.000)
    [30/75] Fitting ROI: RSPagl     ... done (lambda = 1.00e+03, CV-R2 = 0.000)
    [31/75] Fitting ROI: HPF        ... done (lambda = 1.00e+03, CV-R2 = 0.000)
    [32/75] Fitting ROI: VTA        ... done (lambda = 1.00e+03, CV-R2 = 0.000)
    [33/75] Fitting ROI: POL        ... done (lambda = 1.00e+03, CV-R2 = 0.000)
    [34/75] Fitting ROI: PoT        ... done (lambda = 1.00e+03, CV-R2 = 0.000)
    [35/75] Fitting ROI: LGv        ... done (lambda = 1.00e+03, CV-R2 = 0.000)
    [36/75] Fitting ROI: MGd        ... done (lambda = 1.00e+03, CV-R2 = 0.000)
    [37/75] Fitting ROI: RSPd       ... done (lambda = 1.00e+03, CV-R2 = 0.000)
    [38/75] Fitting ROI: RSPv       ... done (lambda = 1.00e+03, CV-R2 = 0.000)
    [39/75] Fitting ROI: bsc        ... done (lambda = 1.00e+03, CV-R2 = 0.000)
    [40/75] Fitting ROI: PP         ... done (lambda = 1.00e+03, CV-R2 = 0.000)
    [41/75] Fitting ROI: hbc        ... done (lambda = 1.00e+03, CV-R2 = 0.000)
    [42/75] Fitting ROI: PG         ... done (lambda = 1.00e+03, CV-R2 = 0.000)
    [43/75] Fitting ROI: PO         ... done (lambda = 1.00e+03, CV-R2 = 0.000)
    [44/75] Fitting ROI: MGm        ... done (lambda = 1.00e+03, CV-R2 = 0.000)
    [45/75] Fitting ROI: MGv        ... done (lambda = 1.00e+03, CV-R2 = 0.000)
    [46/75] Fitting ROI: scwm       ... done (lambda = 1.00e+03, CV-R2 = 0.000)
    [47/75] Fitting ROI: mcp        ... done (lambda = 1.00e+03, CV-R2 = 0.000)
    [48/75] Fitting ROI: LGd-co     ... done (lambda = 1.00e+03, CV-R2 = 0.000)
    [49/75] Fitting ROI: RPF        ... done (lambda = 1.00e+03, CV-R2 = 0.000)
    [50/75] Fitting ROI: cing       ... done (lambda = 1.00e+03, CV-R2 = 0.000)
    [51/75] Fitting ROI: dhc        ... done (lambda = 1.00e+03, CV-R2 = 0.000)
    [52/75] Fitting ROI: V3         ... done (lambda = 1.00e+03, CV-R2 = 0.000)
    [53/75] Fitting ROI: IF         ... done (lambda = 1.00e+03, CV-R2 = 0.000)
    [54/75] Fitting ROI: PIL        ... done (lambda = 1.00e+03, CV-R2 = 0.000)
    [55/75] Fitting ROI: chpl       ... done (lambda = 1.00e+03, CV-R2 = 0.000)
    [56/75] Fitting ROI: SSp-tr     ... done (lambda = 1.00e+03, CV-R2 = 0.000)
    [57/75] Fitting ROI: OP         ... done (lambda = 1.00e+03, CV-R2 = 0.000)
    [58/75] Fitting ROI: SUB        ... done (lambda = 1.00e+03, CV-R2 = 0.000)
    [59/75] Fitting ROI: SSp-bf     ... done (lambda = 1.00e+03, CV-R2 = 0.000)
    [60/75] Fitting ROI: fiber tracts ... done (lambda = 1.00e+03, CV-R2 = 0.000)
    [61/75] Fitting ROI: ar         ... done (lambda = 1.00e+03, CV-R2 = 0.000)
    [62/75] Fitting ROI: TH         ... done (lambda = 1.00e+03, CV-R2 = 0.000)
    [63/75] Fitting ROI: SGN        ... done (lambda = 1.00e+03, CV-R2 = 0.000)
    [64/75] Fitting ROI: SCO        ... done (lambda = 1.00e+03, CV-R2 = 0.000)
    [65/75] Fitting ROI: AUDp       ... done (lambda = 1.00e+04, CV-R2 = 0.000)
    [66/75] Fitting ROI: cpd        ... done (lambda = 1.00e+03, CV-R2 = 0.000)
    [67/75] Fitting ROI: LGd-ip     ... done (lambda = 1.00e+03, CV-R2 = 0.000)
    [68/75] Fitting ROI: MRNal      ... done (lambda = 1.00e+03, CV-R2 = 0.000)
    [69/75] Fitting ROI: MRNam      ... done (lambda = 1.00e+03, CV-R2 = 0.000)
    [70/75] Fitting ROI: PAGa       ... done (lambda = 1.00e+03, CV-R2 = 0.000)
    [71/75] Fitting ROI: CA1d       ... done (lambda = 1.00e+03, CV-R2 = 0.000)
    [72/75] Fitting ROI: CA3d       ... done (lambda = 1.00e+03, CV-R2 = 0.000)
    [73/75] Fitting ROI: DGd        ... done (lambda = 1.00e+03, CV-R2 = 0.000)
    [74/75] Fitting ROI: CA3i       ... done (lambda = 1.00e+03, CV-R2 = 0.000)
    [75/75] Fitting ROI: CA2d       ... done (lambda = 1.00e+03, CV-R2 = 0.000)
  75 active regions  (lambda range: 1e+03 – 1e+04)

----------------------------------------
--- Sub 16 / 27 ---
----------------------------------------
  TR = 0.200 s   stim_dur = 15.00 s
    [ 1/77] Fitting ROI: alv        ... done (lambda = 1.00e+03, CV-R2 = 0.000)
    [ 2/77] Fitting ROI: ProS       ... done (lambda = 1.00e+03, CV-R2 = 0.000)
    [ 3/77] Fitting ROI: SNc        ... done (lambda = 1.00e+03, CV-R2 = 0.000)
    [ 4/77] Fitting ROI: VISrl      ... done (lambda = 1.00e+03, CV-R2 = 0.000)
    [ 5/77] Fitting ROI: SNr        ... done (lambda = 1.00e+03, CV-R2 = 0.000)
    [ 6/77] Fitting ROI: NPC        ... done (lambda = 1.00e+03, CV-R2 = 0.000)
    [ 7/77] Fitting ROI: MPT        ... done (lambda = 1.00e+03, CV-R2 = 0.000)
    [ 8/77] Fitting ROI: mp         ... done (lambda = 1.00e+03, CV-R2 = 0.000)
    [ 9/77] Fitting ROI: Mml        ... done (lambda = 1.00e+03, CV-R2 = 0.000)
    [10/77] Fitting ROI: IGL        ... done (lambda = 1.00e+03, CV-R2 = 0.000)
    [11/77] Fitting ROI: MB         ... done (lambda = 1.00e+03, CV-R2 = 0.000)
    [12/77] Fitting ROI: MT         ... done (lambda = 1.00e+03, CV-R2 = 0.000)
    [13/77] Fitting ROI: NOT        ... done (lambda = 1.00e+03, CV-R2 = 0.000)
    [14/77] Fitting ROI: PPT        ... done (lambda = 1.00e+03, CV-R2 = 0.000)
    [15/77] Fitting ROI: LGd-sh     ... done (lambda = 1.00e+03, CV-R2 = 0.000)
    [16/77] Fitting ROI: SPFp       ... done (lambda = 1.00e+03, CV-R2 = 0.000)
    [17/77] Fitting ROI: VISam      ... done (lambda = 1.00e+03, CV-R2 = 0.000)
    [18/77] Fitting ROI: DGv        ... done (lambda = 1.00e+03, CV-R2 = 0.000)
    [19/77] Fitting ROI: LT         ... done (lambda = 1.00e+03, CV-R2 = 0.000)
    [20/77] Fitting ROI: LP         ... done (lambda = 1.00e+03, CV-R2 = 0.000)
    [21/77] Fitting ROI: CA3v       ... done (lambda = 1.00e+03, CV-R2 = 0.000)
    [22/77] Fitting ROI: CA2v       ... done (lambda = 1.00e+03, CV-R2 = 0.000)
    [23/77] Fitting ROI: CA1v       ... done (lambda = 1.00e+03, CV-R2 = 0.000)
    [24/77] Fitting ROI: or         ... done (lambda = 1.00e+04, CV-R2 = 0.000)
    [25/77] Fitting ROI: ZI         ... done (lambda = 1.00e+03, CV-R2 = 0.000)
    [26/77] Fitting ROI: IPRL       ... done (lambda = 1.00e+03, CV-R2 = 0.000)
    [27/77] Fitting ROI: IPR        ... done (lambda = 1.00e+03, CV-R2 = 0.000)
    [28/77] Fitting ROI: APN        ... done (lambda = 1.00e+03, CV-R2 = 0.000)
    [29/77] Fitting ROI: fp         ... done (lambda = 1.00e+03, CV-R2 = 0.000)
    [30/77] Fitting ROI: HATA       ... done (lambda = 1.00e+03, CV-R2 = 0.000)
    [31/77] Fitting ROI: VISa       ... done (lambda = 1.00e+03, CV-R2 = 0.000)
    [32/77] Fitting ROI: Eth        ... done (lambda = 1.00e+03, CV-R2 = 0.000)
    [33/77] Fitting ROI: RSPagl     ... done (lambda = 1.00e+03, CV-R2 = 0.000)
    [34/77] Fitting ROI: HPF        ... done (lambda = 1.00e+03, CV-R2 = 0.000)
    [35/77] Fitting ROI: SSs        ... done (lambda = 1.00e+03, CV-R2 = 0.000)
    [36/77] Fitting ROI: VTA        ... done (lambda = 1.00e+03, CV-R2 = 0.000)
    [37/77] Fitting ROI: POL        ... done (lambda = 1.00e+03, CV-R2 = 0.000)
    [38/77] Fitting ROI: PoT        ... done (lambda = 1.00e+03, CV-R2 = 0.000)
    [39/77] Fitting ROI: LGv        ... done (lambda = 1.00e+03, CV-R2 = 0.000)
    [40/77] Fitting ROI: VISal      ... done (lambda = 1.00e+03, CV-R2 = 0.000)
    [41/77] Fitting ROI: MGd        ... done (lambda = 1.00e+03, CV-R2 = 0.000)
    [42/77] Fitting ROI: RSPd       ... done (lambda = 1.00e+03, CV-R2 = 0.000)
    [43/77] Fitting ROI: RSPv       ... done (lambda = 1.00e+03, CV-R2 = 0.000)
    [44/77] Fitting ROI: bsc        ... done (lambda = 1.00e+03, CV-R2 = 0.000)
    [45/77] Fitting ROI: Mmd        ... done (lambda = 1.00e+03, CV-R2 = 0.000)
    [46/77] Fitting ROI: MGm        ... done (lambda = 1.00e+03, CV-R2 = 0.000)
    [47/77] Fitting ROI: MGv        ... done (lambda = 1.00e+03, CV-R2 = 0.000)
    [48/77] Fitting ROI: VISpm      ... done (lambda = 1.00e+03, CV-R2 = 0.000)
    [49/77] Fitting ROI: SUM        ... done (lambda = 1.00e+03, CV-R2 = 0.000)
    [50/77] Fitting ROI: AUDd       ... done (lambda = 1.00e+03, CV-R2 = 0.000)
    [51/77] Fitting ROI: pc         ... done (lambda = 1.00e+03, CV-R2 = 0.000)
    [52/77] Fitting ROI: LGd-co     ... done (lambda = 1.00e+03, CV-R2 = 0.000)
    [53/77] Fitting ROI: RPF        ... done (lambda = 1.00e+03, CV-R2 = 0.000)
    [54/77] Fitting ROI: cing       ... done (lambda = 1.00e+03, CV-R2 = 0.000)
    [55/77] Fitting ROI: dhc        ... done (lambda = 1.00e+03, CV-R2 = 0.000)
    [56/77] Fitting ROI: V3         ... done (lambda = 1.00e+03, CV-R2 = 0.000)
    [57/77] Fitting ROI: IF         ... done (lambda = 1.00e+03, CV-R2 = 0.000)
    [58/77] Fitting ROI: PIL        ... done (lambda = 1.00e+03, CV-R2 = 0.000)
    [59/77] Fitting ROI: chpl       ... done (lambda = 1.00e+03, CV-R2 = 0.000)
    [60/77] Fitting ROI: OP         ... done (lambda = 1.00e+03, CV-R2 = 0.000)
    [61/77] Fitting ROI: IntG       ... done (lambda = 1.00e+03, CV-R2 = 0.000)
    [62/77] Fitting ROI: SUB        ... done (lambda = 1.00e+03, CV-R2 = 0.000)
    [63/77] Fitting ROI: fiber tracts ... done (lambda = 1.00e+03, CV-R2 = 0.000)
    [64/77] Fitting ROI: TH         ... done (lambda = 1.00e+03, CV-R2 = 0.000)
    [65/77] Fitting ROI: SGN        ... done (lambda = 1.00e+03, CV-R2 = 0.000)
    [66/77] Fitting ROI: cpd        ... done (lambda = 1.00e+03, CV-R2 = 0.000)
    [67/77] Fitting ROI: LGd-ip     ... done (lambda = 1.00e+03, CV-R2 = 0.000)
    [68/77] Fitting ROI: MRNal      ... done (lambda = 1.00e+03, CV-R2 = 0.000)
    [69/77] Fitting ROI: MRNam      ... done (lambda = 1.00e+03, CV-R2 = 0.000)
    [70/77] Fitting ROI: PAGa       ... done (lambda = 1.00e+03, CV-R2 = 0.000)
    [71/77] Fitting ROI: VISp(am)   ... done (lambda = 1.00e+03, CV-R2 = 0.000)
    [72/77] Fitting ROI: CA1d       ... done (lambda = 1.00e+03, CV-R2 = 0.000)
    [73/77] Fitting ROI: CA3d       ... done (lambda = 1.00e+03, CV-R2 = 0.000)
    [74/77] Fitting ROI: DGd        ... done (lambda = 1.00e+03, CV-R2 = 0.000)
    [75/77] Fitting ROI: CA3i       ... done (lambda = 1.00e+03, CV-R2 = 0.000)
    [76/77] Fitting ROI: CA1i       ... done (lambda = 1.00e+03, CV-R2 = 0.000)
    [77/77] Fitting ROI: CA2i       ... done (lambda = 1.00e+03, CV-R2 = 0.000)
  77 active regions  (lambda range: 1e+03 – 1e+04)

----------------------------------------
--- Sub 17 / 27 ---
----------------------------------------
  TR = 0.200 s   stim_dur = 15.00 s
    [ 1/71] Fitting ROI: alv        ... done (lambda = 1.00e+03, CV-R2 = 0.000)
    [ 2/71] Fitting ROI: SPA        ... done (lambda = 1.00e+03, CV-R2 = 0.000)
    [ 3/71] Fitting ROI: LHA        ... done (lambda = 1.00e+03, CV-R2 = 0.000)
    [ 4/71] Fitting ROI: PSTN       ... done (lambda = 1.00e+03, CV-R2 = 0.000)
    [ 5/71] Fitting ROI: ccs        ... done (lambda = 1.00e+03, CV-R2 = 0.000)
    [ 6/71] Fitting ROI: COApm      ... done (lambda = 1.00e+03, CV-R2 = 0.000)
    [ 7/71] Fitting ROI: MD         ... done (lambda = 1.00e+03, CV-R2 = 0.000)
    [ 8/71] Fitting ROI: MB         ... done (lambda = 1.00e+03, CV-R2 = 0.000)
    [ 9/71] Fitting ROI: MH         ... done (lambda = 1.00e+03, CV-R2 = 0.000)
    [10/71] Fitting ROI: FC         ... done (lambda = 1.00e+03, CV-R2 = 0.000)
    [11/71] Fitting ROI: LGd-sh     ... done (lambda = 1.00e+03, CV-R2 = 0.000)
    [12/71] Fitting ROI: LH         ... done (lambda = 1.00e+03, CV-R2 = 0.000)
    [13/71] Fitting ROI: DGv        ... done (lambda = 1.00e+03, CV-R2 = 0.000)
    [14/71] Fitting ROI: LP         ... done (lambda = 1.00e+03, CV-R2 = 0.000)
    [15/71] Fitting ROI: VPM        ... done (lambda = 1.00e+03, CV-R2 = 0.000)
    [16/71] Fitting ROI: VPL        ... done (lambda = 1.00e+03, CV-R2 = 0.000)
    [17/71] Fitting ROI: STN        ... done (lambda = 1.00e+03, CV-R2 = 0.000)
    [18/71] Fitting ROI: fi         ... done (lambda = 1.00e+03, CV-R2 = 0.000)
    [19/71] Fitting ROI: or         ... done (lambda = 1.00e+03, CV-R2 = 0.000)
    [20/71] Fitting ROI: AUDv       ... done (lambda = 1.00e+03, CV-R2 = 0.000)
    [21/71] Fitting ROI: RT         ... done (lambda = 1.00e+03, CV-R2 = 0.000)
    [22/71] Fitting ROI: ZI         ... done (lambda = 1.00e+03, CV-R2 = 0.000)
    [23/71] Fitting ROI: HY         ... done (lambda = 1.00e+03, CV-R2 = 0.000)
    [24/71] Fitting ROI: VISa       ... done (lambda = 1.00e+03, CV-R2 = 0.000)
    [25/71] Fitting ROI: st         ... done (lambda = 1.00e+03, CV-R2 = 0.000)
    [26/71] Fitting ROI: Eth        ... done (lambda = 1.00e+03, CV-R2 = 0.000)
    [27/71] Fitting ROI: PVT        ... done (lambda = 1.00e+03, CV-R2 = 0.000)
    [28/71] Fitting ROI: RSPagl     ... done (lambda = 1.00e+03, CV-R2 = 0.000)
    [29/71] Fitting ROI: IMD        ... done (lambda = 1.00e+03, CV-R2 = 0.000)
    [30/71] Fitting ROI: SSs        ... done (lambda = 1.00e+03, CV-R2 = 0.000)
    [31/71] Fitting ROI: VPLpc      ... done (lambda = 1.00e+03, CV-R2 = 0.000)
    [32/71] Fitting ROI: PMv        ... done (lambda = 1.00e+03, CV-R2 = 0.000)
    [33/71] Fitting ROI: LGv        ... done (lambda = 1.00e+03, CV-R2 = 0.000)
    [34/71] Fitting ROI: RSPd       ... done (lambda = 1.00e+03, CV-R2 = 0.000)
    [35/71] Fitting ROI: RSPv       ... done (lambda = 1.00e+03, CV-R2 = 0.000)
    [36/71] Fitting ROI: PMd        ... done (lambda = 1.00e+03, CV-R2 = 0.000)
    [37/71] Fitting ROI: PA         ... done (lambda = 1.00e+03, CV-R2 = 0.000)
    [38/71] Fitting ROI: PF         ... done (lambda = 1.00e+03, CV-R2 = 0.000)
    [39/71] Fitting ROI: PH         ... done (lambda = 1.00e+03, CV-R2 = 0.000)
    [40/71] Fitting ROI: PO         ... done (lambda = 1.00e+03, CV-R2 = 0.000)
    [41/71] Fitting ROI: AUDd       ... done (lambda = 1.00e+03, CV-R2 = 0.000)
    [42/71] Fitting ROI: TMv        ... done (lambda = 1.00e+03, CV-R2 = 0.000)
    [43/71] Fitting ROI: TMd        ... done (lambda = 1.00e+03, CV-R2 = 0.000)
    [44/71] Fitting ROI: scwm       ... done (lambda = 1.00e+03, CV-R2 = 0.000)
    [45/71] Fitting ROI: LGd-co     ... done (lambda = 1.00e+03, CV-R2 = 0.000)
    [46/71] Fitting ROI: cing       ... done (lambda = 1.00e+03, CV-R2 = 0.000)
    [47/71] Fitting ROI: dhc        ... done (lambda = 1.00e+03, CV-R2 = 0.000)
    [48/71] Fitting ROI: V3         ... done (lambda = 1.00e+03, CV-R2 = 0.000)
    [49/71] Fitting ROI: VL         ... done (lambda = 1.00e+03, CV-R2 = 0.000)
    [50/71] Fitting ROI: VM         ... done (lambda = 1.00e+03, CV-R2 = 0.000)
    [51/71] Fitting ROI: chpl       ... done (lambda = 1.00e+03, CV-R2 = 0.000)
    [52/71] Fitting ROI: SSp-tr     ... done (lambda = 1.00e+03, CV-R2 = 0.000)
    [53/71] Fitting ROI: SPFm       ... done (lambda = 1.00e+03, CV-R2 = 0.000)
    [54/71] Fitting ROI: nst        ... done (lambda = 1.00e+03, CV-R2 = 0.000)
    [55/71] Fitting ROI: SSp-bf     ... done (lambda = 1.00e+03, CV-R2 = 0.000)
    [56/71] Fitting ROI: fiber tracts ... done (lambda = 1.00e+03, CV-R2 = 0.000)
    [57/71] Fitting ROI: fr         ... done (lambda = 1.00e+03, CV-R2 = 0.000)
    [58/71] Fitting ROI: STR        ... done (lambda = 1.00e+03, CV-R2 = 0.000)
    [59/71] Fitting ROI: mtt        ... done (lambda = 1.00e+03, CV-R2 = 0.000)
    [60/71] Fitting ROI: int        ... done (lambda = 1.00e+03, CV-R2 = 0.000)
    [61/71] Fitting ROI: ar         ... done (lambda = 1.00e+03, CV-R2 = 0.000)
    [62/71] Fitting ROI: CL         ... done (lambda = 1.00e+03, CV-R2 = 0.000)
    [63/71] Fitting ROI: TH         ... done (lambda = 1.00e+03, CV-R2 = 0.000)
    [64/71] Fitting ROI: PCN        ... done (lambda = 1.00e+03, CV-R2 = 0.000)
    [65/71] Fitting ROI: VPMpc      ... done (lambda = 1.00e+03, CV-R2 = 0.000)
    [66/71] Fitting ROI: LGd-ip     ... done (lambda = 1.00e+03, CV-R2 = 0.000)
    [67/71] Fitting ROI: CPcml      ... done (lambda = 1.00e+03, CV-R2 = 0.000)
    [68/71] Fitting ROI: CPcdl      ... done (lambda = 1.00e+03, CV-R2 = 0.000)
    [69/71] Fitting ROI: CA1d       ... done (lambda = 1.00e+03, CV-R2 = 0.000)
    [70/71] Fitting ROI: CA3d       ... done (lambda = 1.00e+03, CV-R2 = 0.000)
    [71/71] Fitting ROI: DGd        ... done (lambda = 1.00e+03, CV-R2 = 0.000)
  71 active regions  (lambda range: 1e+03 – 1e+03)

----------------------------------------
--- Sub 18 / 27 ---
----------------------------------------
  TR = 0.200 s   stim_dur = 15.00 s
    [ 1/58] Fitting ROI: alv        ... done (lambda = 1.00e+03, CV-R2 = 0.000)
    [ 2/58] Fitting ROI: SNc        ... done (lambda = 1.00e+04, CV-R2 = 0.000)
    [ 3/58] Fitting ROI: SNr        ... done (lambda = 1.00e+03, CV-R2 = 0.000)
    [ 4/58] Fitting ROI: ccs        ... done (lambda = 1.00e+04, CV-R2 = 0.000)
    [ 5/58] Fitting ROI: IGL        ... done (lambda = 1.00e+03, CV-R2 = 0.000)
    [ 6/58] Fitting ROI: MB         ... done (lambda = 1.00e+03, CV-R2 = 0.000)
    [ 7/58] Fitting ROI: MH         ... done (lambda = 1.00e+03, CV-R2 = 0.000)
    [ 8/58] Fitting ROI: FC         ... done (lambda = 1.00e+03, CV-R2 = 0.000)
    [ 9/58] Fitting ROI: SubG       ... done (lambda = 1.00e+04, CV-R2 = 0.000)
    [10/58] Fitting ROI: LGd-sh     ... done (lambda = 1.00e+03, CV-R2 = 0.000)
    [11/58] Fitting ROI: SPFp       ... done (lambda = 1.00e+03, CV-R2 = 0.000)
    [12/58] Fitting ROI: LH         ... done (lambda = 1.00e+03, CV-R2 = 0.000)
    [13/58] Fitting ROI: DGv        ... done (lambda = 1.00e+03, CV-R2 = 0.000)
    [14/58] Fitting ROI: LP         ... done (lambda = 1.00e+03, CV-R2 = 0.000)
    [15/58] Fitting ROI: VPM        ... done (lambda = 1.00e+03, CV-R2 = 0.000)
    [16/58] Fitting ROI: VPL        ... done (lambda = 1.00e+03, CV-R2 = 0.000)
    [17/58] Fitting ROI: CA3v       ... done (lambda = 1.00e+03, CV-R2 = 0.000)
    [18/58] Fitting ROI: CA1v       ... done (lambda = 1.00e+04, CV-R2 = 0.000)
    [19/58] Fitting ROI: or         ... done (lambda = 1.00e+04, CV-R2 = 0.000)
    [20/58] Fitting ROI: ZI         ... done (lambda = 1.00e+03, CV-R2 = 0.000)
    [21/58] Fitting ROI: PRC        ... done (lambda = 1.00e+04, CV-R2 = 0.000)
    [22/58] Fitting ROI: SSp-un     ... done (lambda = 1.00e+03, CV-R2 = 0.000)
    [23/58] Fitting ROI: HATA       ... done (lambda = 1.00e+04, CV-R2 = 0.000)
    [24/58] Fitting ROI: SSp-ul     ... done (lambda = 1.00e+03, CV-R2 = 0.000)
    [25/58] Fitting ROI: Eth        ... done (lambda = 1.00e+03, CV-R2 = 0.000)
    [26/58] Fitting ROI: RSPagl     ... done (lambda = 1.00e+03, CV-R2 = 0.000)
    [27/58] Fitting ROI: SSs        ... done (lambda = 1.00e+03, CV-R2 = 0.009)
    [28/58] Fitting ROI: PoT        ... done (lambda = 1.00e+04, CV-R2 = 0.000)
    [29/58] Fitting ROI: LGv        ... done (lambda = 1.00e+03, CV-R2 = 0.000)
    [30/58] Fitting ROI: RSPd       ... done (lambda = 1.00e+03, CV-R2 = 0.000)
    [31/58] Fitting ROI: RSPv       ... done (lambda = 1.00e+03, CV-R2 = 0.000)
    [32/58] Fitting ROI: hbc        ... done (lambda = 1.00e+03, CV-R2 = 0.000)
    [33/58] Fitting ROI: PF         ... done (lambda = 1.00e+03, CV-R2 = 0.000)
    [34/58] Fitting ROI: PO         ... done (lambda = 1.00e+03, CV-R2 = 0.000)
    [35/58] Fitting ROI: MGm        ... done (lambda = 1.00e+03, CV-R2 = 0.000)
    [36/58] Fitting ROI: scwm       ... done (lambda = 1.00e+04, CV-R2 = 0.000)
    [37/58] Fitting ROI: LGd-co     ... done (lambda = 1.00e+03, CV-R2 = 0.000)
    [38/58] Fitting ROI: cing       ... done (lambda = 1.00e+03, CV-R2 = 0.000)
    [39/58] Fitting ROI: dhc        ... done (lambda = 1.00e+03, CV-R2 = 0.000)
    [40/58] Fitting ROI: V3         ... done (lambda = 1.00e+03, CV-R2 = 0.000)
    [41/58] Fitting ROI: ccb        ... done (lambda = 1.00e+03, CV-R2 = 0.000)
    [42/58] Fitting ROI: chpl       ... done (lambda = 1.00e+03, CV-R2 = 0.000)
    [43/58] Fitting ROI: opt        ... done (lambda = 1.00e+03, CV-R2 = 0.000)
    [44/58] Fitting ROI: SSp-tr     ... done (lambda = 1.00e+04, CV-R2 = 0.000)
    [45/58] Fitting ROI: IntG       ... done (lambda = 1.00e+03, CV-R2 = 0.000)
    [46/58] Fitting ROI: SSp-bf     ... done (lambda = 1.00e+03, CV-R2 = 0.000)
    [47/58] Fitting ROI: fiber tracts ... done (lambda = 1.00e+03, CV-R2 = 0.000)
    [48/58] Fitting ROI: ar         ... done (lambda = 1.00e+03, CV-R2 = 0.000)
    [49/58] Fitting ROI: CL         ... done (lambda = 1.00e+04, CV-R2 = 0.000)
    [50/58] Fitting ROI: TH         ... done (lambda = 1.00e+03, CV-R2 = 0.000)
    [51/58] Fitting ROI: cpd        ... done (lambda = 1.00e+03, CV-R2 = 0.000)
    [52/58] Fitting ROI: LGd-ip     ... done (lambda = 1.00e+03, CV-R2 = 0.000)
    [53/58] Fitting ROI: MRNam      ... done (lambda = 1.00e+04, CV-R2 = 0.000)
    [54/58] Fitting ROI: CA1d       ... done (lambda = 1.00e+03, CV-R2 = 0.000)
    [55/58] Fitting ROI: CA3d       ... done (lambda = 1.00e+03, CV-R2 = 0.000)
    [56/58] Fitting ROI: DGd        ... done (lambda = 1.00e+03, CV-R2 = 0.000)
    [57/58] Fitting ROI: CA3i       ... done (lambda = 1.00e+03, CV-R2 = 0.000)
    [58/58] Fitting ROI: CA2d       ... done (lambda = 1.00e+03, CV-R2 = 0.000)
  58 active regions  (lambda range: 1e+03 – 1e+04)

----------------------------------------
--- Sub 19 / 27 ---
----------------------------------------
  TR = 0.200 s   stim_dur = 15.00 s
    [ 1/61] Fitting ROI: alv        ... done (lambda = 1.00e+03, CV-R2 = 0.000)
    [ 2/61] Fitting ROI: SNc        ... done (lambda = 1.00e+03, CV-R2 = 0.000)
    [ 3/61] Fitting ROI: SNr        ... done (lambda = 1.00e+03, CV-R2 = 0.000)
    [ 4/61] Fitting ROI: ccs        ... done (lambda = 1.00e+03, CV-R2 = 0.000)
    [ 5/61] Fitting ROI: IGL        ... done (lambda = 1.00e+03, CV-R2 = 0.012)
    [ 6/61] Fitting ROI: MB         ... done (lambda = 1.00e+03, CV-R2 = 0.000)
    [ 7/61] Fitting ROI: MH         ... done (lambda = 1.00e+03, CV-R2 = 0.000)
    [ 8/61] Fitting ROI: FC         ... done (lambda = 1.00e+03, CV-R2 = 0.000)
    [ 9/61] Fitting ROI: FF         ... done (lambda = 1.00e+03, CV-R2 = 0.000)
    [10/61] Fitting ROI: SubG       ... done (lambda = 1.00e+03, CV-R2 = 0.000)
    [11/61] Fitting ROI: LGd-sh     ... done (lambda = 1.00e+03, CV-R2 = 0.000)
    [12/61] Fitting ROI: SPFp       ... done (lambda = 1.00e+03, CV-R2 = 0.000)
    [13/61] Fitting ROI: LH         ... done (lambda = 1.00e+03, CV-R2 = 0.000)
    [14/61] Fitting ROI: DGv        ... done (lambda = 1.00e+03, CV-R2 = 0.000)
    [15/61] Fitting ROI: LP         ... done (lambda = 1.00e+03, CV-R2 = 0.000)
    [16/61] Fitting ROI: VPM        ... done (lambda = 1.00e+03, CV-R2 = 0.000)
    [17/61] Fitting ROI: VPL        ... done (lambda = 1.00e+03, CV-R2 = 0.000)
    [18/61] Fitting ROI: CA3v       ... done (lambda = 1.00e+03, CV-R2 = 0.000)
    [19/61] Fitting ROI: CA2v       ... done (lambda = 1.00e+03, CV-R2 = 0.000)
    [20/61] Fitting ROI: CA1v       ... done (lambda = 1.00e+03, CV-R2 = 0.000)
    [21/61] Fitting ROI: or         ... done (lambda = 1.00e+03, CV-R2 = 0.000)
    [22/61] Fitting ROI: ZI         ... done (lambda = 1.00e+03, CV-R2 = 0.000)
    [23/61] Fitting ROI: PRC        ... done (lambda = 1.00e+03, CV-R2 = 0.000)
    [24/61] Fitting ROI: SSp-un     ... done (lambda = 1.00e+03, CV-R2 = 0.000)
    [25/61] Fitting ROI: HATA       ... done (lambda = 1.00e+03, CV-R2 = 0.000)
    [26/61] Fitting ROI: SSp-ul     ... done (lambda = 1.00e+03, CV-R2 = 0.000)
    [27/61] Fitting ROI: Eth        ... done (lambda = 1.00e+03, CV-R2 = 0.000)
    [28/61] Fitting ROI: RSPagl     ... done (lambda = 1.00e+03, CV-R2 = 0.000)
    [29/61] Fitting ROI: SSs        ... done (lambda = 1.00e+03, CV-R2 = 0.000)
    [30/61] Fitting ROI: PoT        ... done (lambda = 1.00e+03, CV-R2 = 0.000)
    [31/61] Fitting ROI: LGv        ... done (lambda = 1.00e+03, CV-R2 = 0.006)
    [32/61] Fitting ROI: RSPd       ... done (lambda = 1.00e+03, CV-R2 = 0.000)
    [33/61] Fitting ROI: RSPv       ... done (lambda = 1.00e+03, CV-R2 = 0.000)
    [34/61] Fitting ROI: hbc        ... done (lambda = 1.00e+03, CV-R2 = 0.000)
    [35/61] Fitting ROI: PF         ... done (lambda = 1.00e+03, CV-R2 = 0.000)
    [36/61] Fitting ROI: PO         ... done (lambda = 1.00e+03, CV-R2 = 0.000)
    [37/61] Fitting ROI: MGm        ... done (lambda = 1.00e+03, CV-R2 = 0.000)
    [38/61] Fitting ROI: scwm       ... done (lambda = 1.00e+03, CV-R2 = 0.000)
    [39/61] Fitting ROI: LGd-co     ... done (lambda = 1.00e+03, CV-R2 = 0.000)
    [40/61] Fitting ROI: cing       ... done (lambda = 1.00e+03, CV-R2 = 0.000)
    [41/61] Fitting ROI: dhc        ... done (lambda = 1.00e+03, CV-R2 = 0.000)
    [42/61] Fitting ROI: V3         ... done (lambda = 1.00e+03, CV-R2 = 0.000)
    [43/61] Fitting ROI: ccb        ... done (lambda = 1.00e+03, CV-R2 = 0.000)
    [44/61] Fitting ROI: chpl       ... done (lambda = 1.00e+03, CV-R2 = 0.000)
    [45/61] Fitting ROI: opt        ... done (lambda = 1.00e+03, CV-R2 = 0.000)
    [46/61] Fitting ROI: SSp-tr     ... done (lambda = 1.00e+03, CV-R2 = 0.000)
    [47/61] Fitting ROI: IntG       ... done (lambda = 1.00e+03, CV-R2 = 0.000)
    [48/61] Fitting ROI: SSp-bf     ... done (lambda = 1.00e+03, CV-R2 = 0.000)
    [49/61] Fitting ROI: fiber tracts ... done (lambda = 1.00e+03, CV-R2 = 0.000)
    [50/61] Fitting ROI: ar         ... done (lambda = 1.00e+03, CV-R2 = 0.000)
    [51/61] Fitting ROI: CL         ... done (lambda = 1.00e+03, CV-R2 = 0.000)
    [52/61] Fitting ROI: TH         ... done (lambda = 1.00e+03, CV-R2 = 0.000)
    [53/61] Fitting ROI: cpd        ... done (lambda = 1.00e+03, CV-R2 = 0.000)
    [54/61] Fitting ROI: LGd-ip     ... done (lambda = 1.00e+03, CV-R2 = 0.000)
    [55/61] Fitting ROI: MRNam      ... done (lambda = 1.00e+03, CV-R2 = 0.000)
    [56/61] Fitting ROI: PAGa       ... done (lambda = 1.00e+04, CV-R2 = 0.000)
    [57/61] Fitting ROI: CA1d       ... done (lambda = 1.00e+03, CV-R2 = 0.000)
    [58/61] Fitting ROI: CA3d       ... done (lambda = 1.00e+03, CV-R2 = 0.000)
    [59/61] Fitting ROI: DGd        ... done (lambda = 1.00e+03, CV-R2 = 0.000)
    [60/61] Fitting ROI: CA3i       ... done (lambda = 1.00e+03, CV-R2 = 0.000)
    [61/61] Fitting ROI: CA2d       ... done (lambda = 1.00e+03, CV-R2 = 0.000)
  61 active regions  (lambda range: 1e+03 – 1e+04)

----------------------------------------
--- Sub 20 / 27 ---
----------------------------------------
  TR = 0.200 s   stim_dur = 15.00 s
    [ 1/70] Fitting ROI: alv        ... done (lambda = 1.00e+03, CV-R2 = 0.000)
    [ 2/70] Fitting ROI: ProS       ... done (lambda = 1.00e+03, CV-R2 = 0.000)
    [ 3/70] Fitting ROI: SNc        ... done (lambda = 1.00e+03, CV-R2 = 0.000)
    [ 4/70] Fitting ROI: VISrl      ... done (lambda = 1.00e+03, CV-R2 = 0.000)
    [ 5/70] Fitting ROI: SNr        ... done (lambda = 1.00e+03, CV-R2 = 0.000)
    [ 6/70] Fitting ROI: NPC        ... done (lambda = 1.00e+03, CV-R2 = 0.000)
    [ 7/70] Fitting ROI: ccs        ... done (lambda = 1.00e+03, CV-R2 = 0.000)
    [ 8/70] Fitting ROI: IGL        ... done (lambda = 1.00e+03, CV-R2 = 0.000)
    [ 9/70] Fitting ROI: MB         ... done (lambda = 1.00e+03, CV-R2 = 0.000)
    [10/70] Fitting ROI: FC         ... done (lambda = 1.00e+03, CV-R2 = 0.000)
    [11/70] Fitting ROI: ml         ... done (lambda = 1.00e+03, CV-R2 = 0.000)
    [12/70] Fitting ROI: LGd-sh     ... done (lambda = 1.00e+03, CV-R2 = 0.000)
    [13/70] Fitting ROI: SPFp       ... done (lambda = 1.00e+03, CV-R2 = 0.000)
    [14/70] Fitting ROI: VISam      ... done (lambda = 1.00e+03, CV-R2 = 0.000)
    [15/70] Fitting ROI: DGv        ... done (lambda = 1.00e+03, CV-R2 = 0.000)
    [16/70] Fitting ROI: LP         ... done (lambda = 1.00e+03, CV-R2 = 0.000)
    [17/70] Fitting ROI: CA3v       ... done (lambda = 1.00e+03, CV-R2 = 0.000)
    [18/70] Fitting ROI: CA2v       ... done (lambda = 1.00e+03, CV-R2 = 0.000)
    [19/70] Fitting ROI: CA1v       ... done (lambda = 1.00e+03, CV-R2 = 0.000)
    [20/70] Fitting ROI: or         ... done (lambda = 1.00e+03, CV-R2 = 0.000)
    [21/70] Fitting ROI: ZI         ... done (lambda = 1.00e+03, CV-R2 = 0.000)
    [22/70] Fitting ROI: PRC        ... done (lambda = 1.00e+03, CV-R2 = 0.000)
    [23/70] Fitting ROI: IPRL       ... done (lambda = 1.00e+03, CV-R2 = 0.000)
    [24/70] Fitting ROI: IPR        ... done (lambda = 1.00e+03, CV-R2 = 0.000)
    [25/70] Fitting ROI: APN        ... done (lambda = 1.00e+03, CV-R2 = 0.000)
    [26/70] Fitting ROI: fp         ... done (lambda = 1.00e+03, CV-R2 = 0.000)
    [27/70] Fitting ROI: HATA       ... done (lambda = 1.00e+03, CV-R2 = 0.000)
    [28/70] Fitting ROI: VISa       ... done (lambda = 1.00e+03, CV-R2 = 0.000)
    [29/70] Fitting ROI: Eth        ... done (lambda = 1.00e+03, CV-R2 = 0.000)
    [30/70] Fitting ROI: RSPagl     ... done (lambda = 1.00e+03, CV-R2 = 0.000)
    [31/70] Fitting ROI: HPF        ... done (lambda = 1.00e+03, CV-R2 = 0.000)
    [32/70] Fitting ROI: SSs        ... done (lambda = 1.00e+03, CV-R2 = 0.000)
    [33/70] Fitting ROI: VTA        ... done (lambda = 1.00e+03, CV-R2 = 0.000)
    [34/70] Fitting ROI: POL        ... done (lambda = 1.00e+03, CV-R2 = 0.000)
    [35/70] Fitting ROI: PoT        ... done (lambda = 1.00e+03, CV-R2 = 0.000)
    [36/70] Fitting ROI: LGv        ... done (lambda = 1.00e+03, CV-R2 = 0.000)
    [37/70] Fitting ROI: MGd        ... done (lambda = 1.00e+03, CV-R2 = 0.000)
    [38/70] Fitting ROI: RSPd       ... done (lambda = 1.00e+03, CV-R2 = 0.000)
    [39/70] Fitting ROI: RSPv       ... done (lambda = 1.00e+03, CV-R2 = 0.000)
    [40/70] Fitting ROI: bsc        ... done (lambda = 1.00e+03, CV-R2 = 0.000)
    [41/70] Fitting ROI: Mmd        ... done (lambda = 1.00e+03, CV-R2 = 0.000)
    [42/70] Fitting ROI: MGm        ... done (lambda = 1.00e+03, CV-R2 = 0.000)
    [43/70] Fitting ROI: MGv        ... done (lambda = 1.00e+03, CV-R2 = 0.000)
    [44/70] Fitting ROI: pc         ... done (lambda = 1.00e+03, CV-R2 = 0.000)
    [45/70] Fitting ROI: LGd-co     ... done (lambda = 1.00e+03, CV-R2 = 0.000)
    [46/70] Fitting ROI: RPF        ... done (lambda = 1.00e+03, CV-R2 = 0.000)
    [47/70] Fitting ROI: cing       ... done (lambda = 1.00e+03, CV-R2 = 0.000)
    [48/70] Fitting ROI: dhc        ... done (lambda = 1.00e+03, CV-R2 = 0.000)
    [49/70] Fitting ROI: V3         ... done (lambda = 1.00e+03, CV-R2 = 0.000)
    [50/70] Fitting ROI: IF         ... done (lambda = 1.00e+04, CV-R2 = 0.000)
    [51/70] Fitting ROI: PIL        ... done (lambda = 1.00e+03, CV-R2 = 0.000)
    [52/70] Fitting ROI: chpl       ... done (lambda = 1.00e+03, CV-R2 = 0.000)
    [53/70] Fitting ROI: OP         ... done (lambda = 1.00e+03, CV-R2 = 0.000)
    [54/70] Fitting ROI: IntG       ... done (lambda = 1.00e+03, CV-R2 = 0.000)
    [55/70] Fitting ROI: SUB        ... done (lambda = 1.00e+03, CV-R2 = 0.000)
    [56/70] Fitting ROI: SSp-bf     ... done (lambda = 1.00e+03, CV-R2 = 0.000)
    [57/70] Fitting ROI: fiber tracts ... done (lambda = 1.00e+03, CV-R2 = 0.000)
    [58/70] Fitting ROI: ar         ... done (lambda = 1.00e+03, CV-R2 = 0.000)
    [59/70] Fitting ROI: TH         ... done (lambda = 1.00e+03, CV-R2 = 0.000)
    [60/70] Fitting ROI: SGN        ... done (lambda = 1.00e+03, CV-R2 = 0.000)
    [61/70] Fitting ROI: SCO        ... done (lambda = 1.00e+03, CV-R2 = 0.000)
    [62/70] Fitting ROI: cpd        ... done (lambda = 1.00e+03, CV-R2 = 0.000)
    [63/70] Fitting ROI: LGd-ip     ... done (lambda = 1.00e+03, CV-R2 = 0.000)
    [64/70] Fitting ROI: MRNal      ... done (lambda = 1.00e+03, CV-R2 = 0.000)
    [65/70] Fitting ROI: MRNam      ... done (lambda = 1.00e+03, CV-R2 = 0.000)
    [66/70] Fitting ROI: PAGa       ... done (lambda = 1.00e+03, CV-R2 = 0.000)
    [67/70] Fitting ROI: CA1d       ... done (lambda = 1.00e+03, CV-R2 = 0.000)
    [68/70] Fitting ROI: CA3d       ... done (lambda = 1.00e+03, CV-R2 = 0.000)
    [69/70] Fitting ROI: DGd        ... done (lambda = 1.00e+03, CV-R2 = 0.000)
    [70/70] Fitting ROI: CA3i       ... done (lambda = 1.00e+03, CV-R2 = 0.000)
  70 active regions  (lambda range: 1e+03 – 1e+04)

----------------------------------------
--- Sub 21 / 27 ---
----------------------------------------
  TR = 0.200 s   stim_dur = 15.00 s
    [ 1/67] Fitting ROI: alv        ... done (lambda = 1.00e+03, CV-R2 = 0.000)
    [ 2/67] Fitting ROI: ProS       ... done (lambda = 1.00e+03, CV-R2 = 0.000)
    [ 3/67] Fitting ROI: SNc        ... done (lambda = 1.00e+04, CV-R2 = 0.000)
    [ 4/67] Fitting ROI: VISrl      ... done (lambda = 1.00e+03, CV-R2 = 0.000)
    [ 5/67] Fitting ROI: SNr        ... done (lambda = 1.00e+03, CV-R2 = 0.000)
    [ 6/67] Fitting ROI: NPC        ... done (lambda = 1.00e+03, CV-R2 = 0.000)
    [ 7/67] Fitting ROI: ccs        ... done (lambda = 1.00e+03, CV-R2 = 0.000)
    [ 8/67] Fitting ROI: IGL        ... done (lambda = 1.00e+03, CV-R2 = 0.000)
    [ 9/67] Fitting ROI: MB         ... done (lambda = 1.00e+03, CV-R2 = 0.000)
    [10/67] Fitting ROI: MT         ... done (lambda = 1.00e+03, CV-R2 = 0.000)
    [11/67] Fitting ROI: FC         ... done (lambda = 1.00e+03, CV-R2 = 0.000)
    [12/67] Fitting ROI: NOT        ... done (lambda = 1.00e+03, CV-R2 = 0.000)
    [13/67] Fitting ROI: LGd-sh     ... done (lambda = 1.00e+03, CV-R2 = 0.000)
    [14/67] Fitting ROI: SPFp       ... done (lambda = 1.00e+04, CV-R2 = 0.000)
    [15/67] Fitting ROI: VISam      ... done (lambda = 1.00e+03, CV-R2 = 0.000)
    [16/67] Fitting ROI: DGv        ... done (lambda = 1.00e+03, CV-R2 = 0.000)
    [17/67] Fitting ROI: LT         ... done (lambda = 1.00e+03, CV-R2 = 0.000)
    [18/67] Fitting ROI: LP         ... done (lambda = 1.00e+03, CV-R2 = 0.000)
    [19/67] Fitting ROI: CA3v       ... done (lambda = 1.00e+03, CV-R2 = 0.000)
    [20/67] Fitting ROI: CA1v       ... done (lambda = 1.00e+03, CV-R2 = 0.000)
    [21/67] Fitting ROI: or         ... done (lambda = 1.00e+03, CV-R2 = 0.000)
    [22/67] Fitting ROI: ZI         ... done (lambda = 1.00e+03, CV-R2 = 0.000)
    [23/67] Fitting ROI: PRC        ... done (lambda = 1.00e+03, CV-R2 = 0.000)
    [24/67] Fitting ROI: IPR        ... done (lambda = 1.00e+03, CV-R2 = 0.000)
    [25/67] Fitting ROI: APN        ... done (lambda = 1.00e+03, CV-R2 = 0.000)
    [26/67] Fitting ROI: fp         ... done (lambda = 1.00e+03, CV-R2 = 0.000)
    [27/67] Fitting ROI: HATA       ... done (lambda = 1.00e+04, CV-R2 = 0.000)
    [28/67] Fitting ROI: VISa       ... done (lambda = 1.00e+03, CV-R2 = 0.000)
    [29/67] Fitting ROI: Eth        ... done (lambda = 1.00e+03, CV-R2 = 0.000)
    [30/67] Fitting ROI: RSPagl     ... done (lambda = 1.00e+03, CV-R2 = 0.000)
    [31/67] Fitting ROI: VTA        ... done (lambda = 1.00e+03, CV-R2 = 0.000)
    [32/67] Fitting ROI: POL        ... done (lambda = 1.00e+03, CV-R2 = 0.000)
    [33/67] Fitting ROI: PoT        ... done (lambda = 1.00e+03, CV-R2 = 0.000)
    [34/67] Fitting ROI: LGv        ... done (lambda = 1.00e+03, CV-R2 = 0.000)
    [35/67] Fitting ROI: MGd        ... done (lambda = 1.00e+03, CV-R2 = 0.000)
    [36/67] Fitting ROI: RSPd       ... done (lambda = 1.00e+03, CV-R2 = 0.000)
    [37/67] Fitting ROI: RSPv       ... done (lambda = 1.00e+03, CV-R2 = 0.000)
    [38/67] Fitting ROI: bsc        ... done (lambda = 1.00e+03, CV-R2 = 0.000)
    [39/67] Fitting ROI: MGm        ... done (lambda = 1.00e+03, CV-R2 = 0.000)
    [40/67] Fitting ROI: MGv        ... done (lambda = 1.00e+03, CV-R2 = 0.000)
    [41/67] Fitting ROI: pc         ... done (lambda = 1.00e+03, CV-R2 = 0.000)
    [42/67] Fitting ROI: scwm       ... done (lambda = 1.00e+03, CV-R2 = 0.000)
    [43/67] Fitting ROI: LGd-co     ... done (lambda = 1.00e+03, CV-R2 = 0.000)
    [44/67] Fitting ROI: RPF        ... done (lambda = 1.00e+03, CV-R2 = 0.000)
    [45/67] Fitting ROI: cing       ... done (lambda = 1.00e+03, CV-R2 = 0.000)
    [46/67] Fitting ROI: dhc        ... done (lambda = 1.00e+03, CV-R2 = 0.000)
    [47/67] Fitting ROI: V3         ... done (lambda = 1.00e+03, CV-R2 = 0.000)
    [48/67] Fitting ROI: IF         ... done (lambda = 1.00e+03, CV-R2 = 0.000)
    [49/67] Fitting ROI: PIL        ... done (lambda = 1.00e+04, CV-R2 = 0.000)
    [50/67] Fitting ROI: chpl       ... done (lambda = 1.00e+03, CV-R2 = 0.000)
    [51/67] Fitting ROI: OP         ... done (lambda = 1.00e+03, CV-R2 = 0.000)
    [52/67] Fitting ROI: IntG       ... done (lambda = 1.00e+03, CV-R2 = 0.000)
    [53/67] Fitting ROI: SUB        ... done (lambda = 1.00e+03, CV-R2 = 0.000)
    [54/67] Fitting ROI: SSp-bf     ... done (lambda = 1.00e+03, CV-R2 = 0.000)
    [55/67] Fitting ROI: fiber tracts ... done (lambda = 1.00e+03, CV-R2 = 0.000)
    [56/67] Fitting ROI: ar         ... done (lambda = 1.00e+03, CV-R2 = 0.000)
    [57/67] Fitting ROI: TH         ... done (lambda = 1.00e+03, CV-R2 = 0.000)
    [58/67] Fitting ROI: SGN        ... done (lambda = 1.00e+03, CV-R2 = 0.000)
    [59/67] Fitting ROI: cpd        ... done (lambda = 1.00e+03, CV-R2 = 0.000)
    [60/67] Fitting ROI: LGd-ip     ... done (lambda = 1.00e+03, CV-R2 = 0.000)
    [61/67] Fitting ROI: MRNal      ... done (lambda = 1.00e+04, CV-R2 = 0.000)
    [62/67] Fitting ROI: MRNam      ... done (lambda = 1.00e+03, CV-R2 = 0.000)
    [63/67] Fitting ROI: PAGa       ... done (lambda = 1.00e+03, CV-R2 = 0.000)
    [64/67] Fitting ROI: CA1d       ... done (lambda = 1.00e+03, CV-R2 = 0.000)
    [65/67] Fitting ROI: CA3d       ... done (lambda = 1.00e+03, CV-R2 = 0.000)
    [66/67] Fitting ROI: DGd        ... done (lambda = 1.00e+03, CV-R2 = 0.000)
    [67/67] Fitting ROI: CA3i       ... done (lambda = 1.00e+03, CV-R2 = 0.000)
  67 active regions  (lambda range: 1e+03 – 1e+04)

----------------------------------------
--- Sub 22 / 27 ---
----------------------------------------
  TR = 0.200 s   stim_dur = 15.00 s
    [ 1/69] Fitting ROI: alv        ... done (lambda = 1.00e+03, CV-R2 = 0.000)
    [ 2/69] Fitting ROI: SNc        ... done (lambda = 1.00e+03, CV-R2 = 0.000)
    [ 3/69] Fitting ROI: VISrl      ... done (lambda = 1.00e+03, CV-R2 = 0.000)
    [ 4/69] Fitting ROI: SNr        ... done (lambda = 1.00e+03, CV-R2 = 0.000)
    [ 5/69] Fitting ROI: NPC        ... done (lambda = 1.00e+03, CV-R2 = 0.000)
    [ 6/69] Fitting ROI: ccs        ... done (lambda = 1.00e+03, CV-R2 = 0.000)
    [ 7/69] Fitting ROI: IGL        ... done (lambda = 1.00e+03, CV-R2 = 0.000)
    [ 8/69] Fitting ROI: MB         ... done (lambda = 1.00e+03, CV-R2 = 0.000)
    [ 9/69] Fitting ROI: FC         ... done (lambda = 1.00e+03, CV-R2 = 0.000)
    [10/69] Fitting ROI: ml         ... done (lambda = 1.00e+03, CV-R2 = 0.000)
    [11/69] Fitting ROI: LGd-sh     ... done (lambda = 1.00e+03, CV-R2 = 0.000)
    [12/69] Fitting ROI: SPFp       ... done (lambda = 1.00e+03, CV-R2 = 0.000)
    [13/69] Fitting ROI: VISam      ... done (lambda = 1.00e+03, CV-R2 = 0.000)
    [14/69] Fitting ROI: DGv        ... done (lambda = 1.00e+03, CV-R2 = 0.000)
    [15/69] Fitting ROI: LP         ... done (lambda = 1.00e+03, CV-R2 = 0.000)
    [16/69] Fitting ROI: VPM        ... done (lambda = 1.00e+03, CV-R2 = 0.000)
    [17/69] Fitting ROI: CA3v       ... done (lambda = 1.00e+03, CV-R2 = 0.000)
    [18/69] Fitting ROI: CA1v       ... done (lambda = 1.00e+03, CV-R2 = 0.000)
    [19/69] Fitting ROI: or         ... done (lambda = 1.00e+03, CV-R2 = 0.000)
    [20/69] Fitting ROI: ZI         ... done (lambda = 1.00e+03, CV-R2 = 0.000)
    [21/69] Fitting ROI: PRC        ... done (lambda = 1.00e+03, CV-R2 = 0.000)
    [22/69] Fitting ROI: APN        ... done (lambda = 1.00e+03, CV-R2 = 0.000)
    [23/69] Fitting ROI: fp         ... done (lambda = 1.00e+03, CV-R2 = 0.000)
    [24/69] Fitting ROI: HATA       ... done (lambda = 1.00e+03, CV-R2 = 0.000)
    [25/69] Fitting ROI: VISa       ... done (lambda = 1.00e+03, CV-R2 = 0.000)
    [26/69] Fitting ROI: Eth        ... done (lambda = 1.00e+03, CV-R2 = 0.000)
    [27/69] Fitting ROI: RSPagl     ... done (lambda = 1.00e+03, CV-R2 = 0.000)
    [28/69] Fitting ROI: VTA        ... done (lambda = 1.00e+03, CV-R2 = 0.000)
    [29/69] Fitting ROI: POL        ... done (lambda = 1.00e+03, CV-R2 = 0.000)
    [30/69] Fitting ROI: PoT        ... done (lambda = 1.00e+03, CV-R2 = 0.000)
    [31/69] Fitting ROI: LGv        ... done (lambda = 1.00e+03, CV-R2 = 0.000)
    [32/69] Fitting ROI: MGd        ... done (lambda = 1.00e+03, CV-R2 = 0.000)
    [33/69] Fitting ROI: RSPd       ... done (lambda = 1.00e+03, CV-R2 = 0.000)
    [34/69] Fitting ROI: RSPv       ... done (lambda = 1.00e+03, CV-R2 = 0.000)
    [35/69] Fitting ROI: bsc        ... done (lambda = 1.00e+03, CV-R2 = 0.000)
    [36/69] Fitting ROI: Mmd        ... done (lambda = 1.00e+03, CV-R2 = 0.000)
    [37/69] Fitting ROI: hbc        ... done (lambda = 1.00e+03, CV-R2 = 0.000)
    [38/69] Fitting ROI: PO         ... done (lambda = 1.00e+03, CV-R2 = 0.000)
    [39/69] Fitting ROI: MGm        ... done (lambda = 1.00e+03, CV-R2 = 0.000)
    [40/69] Fitting ROI: MGv        ... done (lambda = 1.00e+03, CV-R2 = 0.000)
    [41/69] Fitting ROI: SUM        ... done (lambda = 1.00e+03, CV-R2 = 0.000)
    [42/69] Fitting ROI: pc         ... done (lambda = 1.00e+03, CV-R2 = 0.000)
    [43/69] Fitting ROI: LGd-co     ... done (lambda = 1.00e+03, CV-R2 = 0.000)
    [44/69] Fitting ROI: RPF        ... done (lambda = 1.00e+03, CV-R2 = 0.000)
    [45/69] Fitting ROI: cing       ... done (lambda = 1.00e+03, CV-R2 = 0.000)
    [46/69] Fitting ROI: dhc        ... done (lambda = 1.00e+03, CV-R2 = 0.000)
    [47/69] Fitting ROI: V3         ... done (lambda = 1.00e+03, CV-R2 = 0.000)
    [48/69] Fitting ROI: IF         ... done (lambda = 1.00e+03, CV-R2 = 0.000)
    [49/69] Fitting ROI: PIL        ... done (lambda = 1.00e+03, CV-R2 = 0.000)
    [50/69] Fitting ROI: chpl       ... done (lambda = 1.00e+03, CV-R2 = 0.000)
    [51/69] Fitting ROI: OP         ... done (lambda = 1.00e+03, CV-R2 = 0.000)
    [52/69] Fitting ROI: SUB        ... done (lambda = 1.00e+03, CV-R2 = 0.000)
    [53/69] Fitting ROI: SSp-bf     ... done (lambda = 1.00e+03, CV-R2 = 0.000)
    [54/69] Fitting ROI: fiber tracts ... done (lambda = 1.00e+03, CV-R2 = 0.000)
    [55/69] Fitting ROI: fr         ... done (lambda = 1.00e+03, CV-R2 = 0.000)
    [56/69] Fitting ROI: ar         ... done (lambda = 1.00e+03, CV-R2 = 0.000)
    [57/69] Fitting ROI: TH         ... done (lambda = 1.00e+03, CV-R2 = 0.000)
    [58/69] Fitting ROI: SGN        ... done (lambda = 1.00e+03, CV-R2 = 0.000)
    [59/69] Fitting ROI: SCO        ... done (lambda = 1.00e+03, CV-R2 = 0.000)
    [60/69] Fitting ROI: cpd        ... done (lambda = 1.00e+03, CV-R2 = 0.000)
    [61/69] Fitting ROI: LGd-ip     ... done (lambda = 1.00e+03, CV-R2 = 0.000)
    [62/69] Fitting ROI: MRNal      ... done (lambda = 1.00e+03, CV-R2 = 0.000)
    [63/69] Fitting ROI: MRNam      ... done (lambda = 1.00e+03, CV-R2 = 0.000)
    [64/69] Fitting ROI: PAGa       ... done (lambda = 1.00e+03, CV-R2 = 0.000)
    [65/69] Fitting ROI: CA1d       ... done (lambda = 1.00e+03, CV-R2 = 0.000)
    [66/69] Fitting ROI: CA3d       ... done (lambda = 1.00e+03, CV-R2 = 0.000)
    [67/69] Fitting ROI: DGd        ... done (lambda = 1.00e+03, CV-R2 = 0.000)
    [68/69] Fitting ROI: CA3i       ... done (lambda = 1.00e+03, CV-R2 = 0.000)
    [69/69] Fitting ROI: CA2i       ... done (lambda = 1.00e+03, CV-R2 = 0.000)
  69 active regions  (lambda range: 1e+03 – 1e+03)

----------------------------------------
--- Sub 23 / 27 ---
----------------------------------------
  TR = 0.200 s   stim_dur = 15.00 s
    [ 1/49] Fitting ROI: alv        ... done (lambda = 1.00e+03, CV-R2 = 0.000)
    [ 2/49] Fitting ROI: ProS       ... done (lambda = 1.00e+04, CV-R2 = 0.000)
    [ 3/49] Fitting ROI: VISrl      ... done (lambda = 1.00e+04, CV-R2 = 0.000)
    [ 4/49] Fitting ROI: P          ... done (lambda = 1.00e+03, CV-R2 = 0.000)
    [ 5/49] Fitting ROI: SNr        ... done (lambda = 1.00e+03, CV-R2 = 0.000)
    [ 6/49] Fitting ROI: NPC        ... done (lambda = 1.00e+03, CV-R2 = 0.000)
    [ 7/49] Fitting ROI: ccs        ... done (lambda = 1.00e+03, CV-R2 = 0.000)
    [ 8/49] Fitting ROI: IGL        ... done (lambda = 1.00e+04, CV-R2 = 0.000)
    [ 9/49] Fitting ROI: MB         ... done (lambda = 1.00e+04, CV-R2 = 0.000)
    [10/49] Fitting ROI: LGd-sh     ... done (lambda = 1.00e+03, CV-R2 = 0.000)
    [11/49] Fitting ROI: LP         ... done (lambda = 1.00e+03, CV-R2 = 0.000)
    [12/49] Fitting ROI: VPM        ... done (lambda = 1.00e+03, CV-R2 = 0.000)
    [13/49] Fitting ROI: CA3v       ... done (lambda = 1.00e+03, CV-R2 = 0.000)
    [14/49] Fitting ROI: CA1v       ... done (lambda = 1.00e+04, CV-R2 = 0.000)
    [15/49] Fitting ROI: APN        ... done (lambda = 1.00e+04, CV-R2 = 0.000)
    [16/49] Fitting ROI: Eth        ... done (lambda = 1.00e+03, CV-R2 = 0.000)
    [17/49] Fitting ROI: RSPagl     ... done (lambda = 1.00e+03, CV-R2 = 0.001)
    [18/49] Fitting ROI: HPF        ... done (lambda = 1.00e+04, CV-R2 = 0.000)
    [19/49] Fitting ROI: POL        ... done (lambda = 1.00e+03, CV-R2 = 0.000)
    [20/49] Fitting ROI: PoT        ... done (lambda = 1.00e+03, CV-R2 = 0.000)
    [21/49] Fitting ROI: MGd        ... done (lambda = 1.00e+03, CV-R2 = 0.008)
    [22/49] Fitting ROI: RSPd       ... done (lambda = 1.00e+03, CV-R2 = 0.001)
    [23/49] Fitting ROI: RSPv       ... done (lambda = 1.00e+03, CV-R2 = 0.012)
    [24/49] Fitting ROI: bsc        ... done (lambda = 1.00e+03, CV-R2 = 0.000)
    [25/49] Fitting ROI: PP         ... done (lambda = 1.00e+03, CV-R2 = 0.000)
    [26/49] Fitting ROI: hbc        ... done (lambda = 1.00e+03, CV-R2 = 0.000)
    [27/49] Fitting ROI: PG         ... done (lambda = 1.00e+03, CV-R2 = 0.000)
    [28/49] Fitting ROI: PO         ... done (lambda = 1.00e+03, CV-R2 = 0.000)
    [29/49] Fitting ROI: MGm        ... done (lambda = 1.00e+03, CV-R2 = 0.000)
    [30/49] Fitting ROI: MGv        ... done (lambda = 1.00e+03, CV-R2 = 0.017)
    [31/49] Fitting ROI: mcp        ... done (lambda = 1.00e+04, CV-R2 = 0.000)
    [32/49] Fitting ROI: LGd-co     ... done (lambda = 1.00e+03, CV-R2 = 0.000)
    [33/49] Fitting ROI: RPF        ... done (lambda = 1.00e+04, CV-R2 = 0.000)
    [34/49] Fitting ROI: cing       ... done (lambda = 1.00e+03, CV-R2 = 0.005)
    [35/49] Fitting ROI: dhc        ... done (lambda = 1.00e+03, CV-R2 = 0.000)
    [36/49] Fitting ROI: V3         ... done (lambda = 1.00e+03, CV-R2 = 0.000)
    [37/49] Fitting ROI: PIL        ... done (lambda = 1.00e+04, CV-R2 = 0.000)
    [38/49] Fitting ROI: chpl       ... done (lambda = 1.00e+04, CV-R2 = 0.000)
    [39/49] Fitting ROI: SUB        ... done (lambda = 1.00e+04, CV-R2 = 0.000)
    [40/49] Fitting ROI: fiber tracts ... done (lambda = 1.00e+03, CV-R2 = 0.000)
    [41/49] Fitting ROI: ar         ... done (lambda = 1.00e+03, CV-R2 = 0.002)
    [42/49] Fitting ROI: TH         ... done (lambda = 1.00e+03, CV-R2 = 0.000)
    [43/49] Fitting ROI: SGN        ... done (lambda = 1.00e+03, CV-R2 = 0.000)
    [44/49] Fitting ROI: cpd        ... done (lambda = 1.00e+03, CV-R2 = 0.000)
    [45/49] Fitting ROI: LGd-ip     ... done (lambda = 1.00e+03, CV-R2 = 0.000)
    [46/49] Fitting ROI: CA1d       ... done (lambda = 1.00e+03, CV-R2 = 0.000)
    [47/49] Fitting ROI: CA3d       ... done (lambda = 1.00e+03, CV-R2 = 0.000)
    [48/49] Fitting ROI: DGd        ... done (lambda = 1.00e+03, CV-R2 = 0.000)
    [49/49] Fitting ROI: CA3i       ... done (lambda = 1.00e+03, CV-R2 = 0.000)
  49 active regions  (lambda range: 1e+03 – 1e+04)

----------------------------------------
--- Sub 24 / 27 ---
----------------------------------------
  TR = 0.200 s   stim_dur = 15.00 s
    [ 1/70] Fitting ROI: alv        ... done (lambda = 1.00e+03, CV-R2 = 0.000)
    [ 2/70] Fitting ROI: ProS       ... done (lambda = 1.00e+03, CV-R2 = 0.000)
    [ 3/70] Fitting ROI: VISrl      ... done (lambda = 1.00e+04, CV-R2 = 0.000)
    [ 4/70] Fitting ROI: SNr        ... done (lambda = 1.00e+03, CV-R2 = 0.000)
    [ 5/70] Fitting ROI: NPC        ... done (lambda = 1.00e+03, CV-R2 = 0.000)
    [ 6/70] Fitting ROI: ccs        ... done (lambda = 1.00e+03, CV-R2 = 0.000)
    [ 7/70] Fitting ROI: IGL        ... done (lambda = 1.00e+03, CV-R2 = 0.000)
    [ 8/70] Fitting ROI: MB         ... done (lambda = 1.00e+03, CV-R2 = 0.000)
    [ 9/70] Fitting ROI: FC         ... done (lambda = 1.00e+03, CV-R2 = 0.000)
    [10/70] Fitting ROI: ml         ... done (lambda = 1.00e+03, CV-R2 = 0.000)
    [11/70] Fitting ROI: LGd-sh     ... done (lambda = 1.00e+03, CV-R2 = 0.000)
    [12/70] Fitting ROI: SPFp       ... done (lambda = 1.00e+03, CV-R2 = 0.000)
    [13/70] Fitting ROI: VISam      ... done (lambda = 1.00e+04, CV-R2 = 0.000)
    [14/70] Fitting ROI: DGv        ... done (lambda = 1.00e+03, CV-R2 = 0.000)
    [15/70] Fitting ROI: LT         ... done (lambda = 1.00e+03, CV-R2 = 0.000)
    [16/70] Fitting ROI: LP         ... done (lambda = 1.00e+03, CV-R2 = 0.000)
    [17/70] Fitting ROI: CA3v       ... done (lambda = 1.00e+03, CV-R2 = 0.000)
    [18/70] Fitting ROI: CA2v       ... done (lambda = 1.00e+04, CV-R2 = 0.000)
    [19/70] Fitting ROI: CA1v       ... done (lambda = 1.00e+03, CV-R2 = 0.000)
    [20/70] Fitting ROI: or         ... done (lambda = 1.00e+04, CV-R2 = 0.000)
    [21/70] Fitting ROI: ZI         ... done (lambda = 1.00e+03, CV-R2 = 0.000)
    [22/70] Fitting ROI: PRC        ... done (lambda = 1.00e+03, CV-R2 = 0.000)
    [23/70] Fitting ROI: IPRL       ... done (lambda = 1.00e+03, CV-R2 = 0.000)
    [24/70] Fitting ROI: IPR        ... done (lambda = 1.00e+03, CV-R2 = 0.000)
    [25/70] Fitting ROI: APN        ... done (lambda = 1.00e+03, CV-R2 = 0.000)
    [26/70] Fitting ROI: fp         ... done (lambda = 1.00e+04, CV-R2 = 0.000)
    [27/70] Fitting ROI: HATA       ... done (lambda = 1.00e+03, CV-R2 = 0.000)
    [28/70] Fitting ROI: VISa       ... done (lambda = 1.00e+04, CV-R2 = 0.000)
    [29/70] Fitting ROI: Eth        ... done (lambda = 1.00e+03, CV-R2 = 0.000)
    [30/70] Fitting ROI: RSPagl     ... done (lambda = 1.00e+04, CV-R2 = 0.000)
    [31/70] Fitting ROI: HPF        ... done (lambda = 1.00e+03, CV-R2 = 0.000)
    [32/70] Fitting ROI: SSs        ... done (lambda = 1.00e+04, CV-R2 = 0.000)
    [33/70] Fitting ROI: VTA        ... done (lambda = 1.00e+03, CV-R2 = 0.000)
    [34/70] Fitting ROI: POL        ... done (lambda = 1.00e+03, CV-R2 = 0.000)
    [35/70] Fitting ROI: PoT        ... done (lambda = 1.00e+03, CV-R2 = 0.000)
    [36/70] Fitting ROI: LGv        ... done (lambda = 1.00e+03, CV-R2 = 0.000)
    [37/70] Fitting ROI: MGd        ... done (lambda = 1.00e+03, CV-R2 = 0.000)
    [38/70] Fitting ROI: RSPd       ... done (lambda = 1.00e+04, CV-R2 = 0.000)
    [39/70] Fitting ROI: RSPv       ... done (lambda = 1.00e+03, CV-R2 = 0.000)
    [40/70] Fitting ROI: bsc        ... done (lambda = 1.00e+03, CV-R2 = 0.000)
    [41/70] Fitting ROI: Mmd        ... done (lambda = 1.00e+03, CV-R2 = 0.000)
    [42/70] Fitting ROI: MGm        ... done (lambda = 1.00e+03, CV-R2 = 0.000)
    [43/70] Fitting ROI: MGv        ... done (lambda = 1.00e+03, CV-R2 = 0.000)
    [44/70] Fitting ROI: pc         ... done (lambda = 1.00e+03, CV-R2 = 0.000)
    [45/70] Fitting ROI: LGd-co     ... done (lambda = 1.00e+03, CV-R2 = 0.000)
    [46/70] Fitting ROI: RPF        ... done (lambda = 1.00e+03, CV-R2 = 0.000)
    [47/70] Fitting ROI: cing       ... done (lambda = 1.00e+03, CV-R2 = 0.000)
    [48/70] Fitting ROI: dhc        ... done (lambda = 1.00e+03, CV-R2 = 0.000)
    [49/70] Fitting ROI: V3         ... done (lambda = 1.00e+03, CV-R2 = 0.000)
    [50/70] Fitting ROI: IF         ... done (lambda = 1.00e+04, CV-R2 = 0.000)
    [51/70] Fitting ROI: PIL        ... done (lambda = 1.00e+03, CV-R2 = 0.000)
    [52/70] Fitting ROI: chpl       ... done (lambda = 1.00e+03, CV-R2 = 0.000)
    [53/70] Fitting ROI: OP         ... done (lambda = 1.00e+03, CV-R2 = 0.000)
    [54/70] Fitting ROI: IntG       ... done (lambda = 1.00e+04, CV-R2 = 0.000)
    [55/70] Fitting ROI: SUB        ... done (lambda = 1.00e+03, CV-R2 = 0.000)
    [56/70] Fitting ROI: SSp-bf     ... done (lambda = 1.00e+04, CV-R2 = 0.000)
    [57/70] Fitting ROI: fiber tracts ... done (lambda = 1.00e+03, CV-R2 = 0.000)
    [58/70] Fitting ROI: ar         ... done (lambda = 1.00e+03, CV-R2 = 0.000)
    [59/70] Fitting ROI: TH         ... done (lambda = 1.00e+03, CV-R2 = 0.000)
    [60/70] Fitting ROI: SGN        ... done (lambda = 1.00e+03, CV-R2 = 0.000)
    [61/70] Fitting ROI: SCO        ... done (lambda = 1.00e+03, CV-R2 = 0.000)
    [62/70] Fitting ROI: cpd        ... done (lambda = 1.00e+03, CV-R2 = 0.000)
    [63/70] Fitting ROI: LGd-ip     ... done (lambda = 1.00e+03, CV-R2 = 0.000)
    [64/70] Fitting ROI: MRNal      ... done (lambda = 1.00e+03, CV-R2 = 0.000)
    [65/70] Fitting ROI: MRNam      ... done (lambda = 1.00e+03, CV-R2 = 0.000)
    [66/70] Fitting ROI: PAGa       ... done (lambda = 1.00e+03, CV-R2 = 0.000)
    [67/70] Fitting ROI: CA1d       ... done (lambda = 1.00e+03, CV-R2 = 0.000)
    [68/70] Fitting ROI: CA3d       ... done (lambda = 1.00e+03, CV-R2 = 0.000)
    [69/70] Fitting ROI: DGd        ... done (lambda = 1.00e+03, CV-R2 = 0.000)
    [70/70] Fitting ROI: CA3i       ... done (lambda = 1.00e+03, CV-R2 = 0.000)
  70 active regions  (lambda range: 1e+03 – 1e+04)

----------------------------------------
--- Sub 25 / 27 ---
----------------------------------------
  TR = 0.200 s   stim_dur = 15.00 s
    [ 1/35] Fitting ROI: alv        ... done (lambda = 1.00e+04, CV-R2 = 0.000)
    [ 2/35] Fitting ROI: ProS       ... done (lambda = 1.00e+04, CV-R2 = 0.000)
    [ 3/35] Fitting ROI: NPC        ... done (lambda = 1.00e+04, CV-R2 = 0.000)
    [ 4/35] Fitting ROI: ccs        ... done (lambda = 1.00e+04, CV-R2 = 0.000)
    [ 5/35] Fitting ROI: MB         ... done (lambda = 1.00e+04, CV-R2 = 0.000)
    [ 6/35] Fitting ROI: NOT        ... done (lambda = 1.00e+04, CV-R2 = 0.000)
    [ 7/35] Fitting ROI: LGd-sh     ... done (lambda = 1.00e+03, CV-R2 = 0.000)
    [ 8/35] Fitting ROI: VISam      ... done (lambda = 1.00e+04, CV-R2 = 0.000)
    [ 9/35] Fitting ROI: LP         ... done (lambda = 1.00e+04, CV-R2 = 0.000)
    [10/35] Fitting ROI: APN        ... done (lambda = 1.00e+04, CV-R2 = 0.000)
    [11/35] Fitting ROI: fp         ... done (lambda = 1.00e+04, CV-R2 = 0.000)
    [12/35] Fitting ROI: RSPagl     ... done (lambda = 1.00e+04, CV-R2 = 0.000)
    [13/35] Fitting ROI: POL        ... done (lambda = 1.00e+04, CV-R2 = 0.000)
    [14/35] Fitting ROI: PoT        ... done (lambda = 1.00e+04, CV-R2 = 0.000)
    [15/35] Fitting ROI: LGv        ... done (lambda = 1.00e+04, CV-R2 = 0.000)
    [16/35] Fitting ROI: MGd        ... done (lambda = 1.00e+04, CV-R2 = 0.000)
    [17/35] Fitting ROI: RSPd       ... done (lambda = 1.00e+04, CV-R2 = 0.000)
    [18/35] Fitting ROI: RSPv       ... done (lambda = 1.00e+03, CV-R2 = 0.000)
    [19/35] Fitting ROI: bsc        ... done (lambda = 1.00e+04, CV-R2 = 0.000)
    [20/35] Fitting ROI: MGv        ... done (lambda = 1.00e+03, CV-R2 = 0.000)
    [21/35] Fitting ROI: LGd-co     ... done (lambda = 1.00e+04, CV-R2 = 0.000)
    [22/35] Fitting ROI: RPF        ... done (lambda = 1.00e+04, CV-R2 = 0.000)
    [23/35] Fitting ROI: cing       ... done (lambda = 1.00e+04, CV-R2 = 0.000)
    [24/35] Fitting ROI: dhc        ... done (lambda = 1.00e+04, CV-R2 = 0.000)
    [25/35] Fitting ROI: V3         ... done (lambda = 1.00e+04, CV-R2 = 0.000)
    [26/35] Fitting ROI: chpl       ... done (lambda = 1.00e+04, CV-R2 = 0.000)
    [27/35] Fitting ROI: OP         ... done (lambda = 1.00e+04, CV-R2 = 0.000)
    [28/35] Fitting ROI: SUB        ... done (lambda = 1.00e+04, CV-R2 = 0.000)
    [29/35] Fitting ROI: fiber tracts ... done (lambda = 1.00e+03, CV-R2 = 0.000)
    [30/35] Fitting ROI: SGN        ... done (lambda = 1.00e+04, CV-R2 = 0.000)
    [31/35] Fitting ROI: LGd-ip     ... done (lambda = 1.00e+04, CV-R2 = 0.000)
    [32/35] Fitting ROI: MRNam      ... done (lambda = 1.00e+04, CV-R2 = 0.000)
    [33/35] Fitting ROI: CA1d       ... done (lambda = 1.00e+04, CV-R2 = 0.000)
    [34/35] Fitting ROI: CA3d       ... done (lambda = 1.00e+04, CV-R2 = 0.000)
    [35/35] Fitting ROI: DGd        ... done (lambda = 1.00e+04, CV-R2 = 0.000)
  35 active regions  (lambda range: 1e+03 – 1e+04)

----------------------------------------
--- Sub 26 / 27 ---
----------------------------------------
  TR = 0.200 s   stim_dur = 15.00 s
    [ 1/40] Fitting ROI: alv        ... done (lambda = 1.00e+04, CV-R2 = 0.000)
    [ 2/40] Fitting ROI: ProS       ... done (lambda = 1.00e+04, CV-R2 = 0.000)
    [ 3/40] Fitting ROI: NPC        ... done (lambda = 1.00e+04, CV-R2 = 0.000)
    [ 4/40] Fitting ROI: ccs        ... done (lambda = 1.00e+04, CV-R2 = 0.000)
    [ 5/40] Fitting ROI: IGL        ... done (lambda = 1.00e+04, CV-R2 = 0.000)
    [ 6/40] Fitting ROI: MB         ... done (lambda = 1.00e+04, CV-R2 = 0.000)
    [ 7/40] Fitting ROI: NOT        ... done (lambda = 1.00e+04, CV-R2 = 0.000)
    [ 8/40] Fitting ROI: LGd-sh     ... done (lambda = 1.00e+03, CV-R2 = 0.000)
    [ 9/40] Fitting ROI: LP         ... done (lambda = 1.00e+03, CV-R2 = 0.000)
    [10/40] Fitting ROI: PRC        ... done (lambda = 1.00e+04, CV-R2 = 0.000)
    [11/40] Fitting ROI: APN        ... done (lambda = 1.00e+04, CV-R2 = 0.000)
    [12/40] Fitting ROI: HATA       ... done (lambda = 1.00e+04, CV-R2 = 0.000)
    [13/40] Fitting ROI: RSPagl     ... done (lambda = 1.00e+04, CV-R2 = 0.000)
    [14/40] Fitting ROI: POL        ... done (lambda = 1.00e+03, CV-R2 = 0.000)
    [15/40] Fitting ROI: PoT        ... done (lambda = 1.00e+04, CV-R2 = 0.000)
    [16/40] Fitting ROI: LGv        ... done (lambda = 1.00e+04, CV-R2 = 0.000)
    [17/40] Fitting ROI: MGd        ... done (lambda = 1.00e+04, CV-R2 = 0.000)
    [18/40] Fitting ROI: RSPd       ... done (lambda = 1.00e+04, CV-R2 = 0.000)
    [19/40] Fitting ROI: RSPv       ... done (lambda = 1.00e+04, CV-R2 = 0.000)
    [20/40] Fitting ROI: bsc        ... done (lambda = 1.00e+04, CV-R2 = 0.000)
    [21/40] Fitting ROI: MGm        ... done (lambda = 1.00e+04, CV-R2 = 0.000)
    [22/40] Fitting ROI: MGv        ... done (lambda = 1.00e+04, CV-R2 = 0.000)
    [23/40] Fitting ROI: pc         ... done (lambda = 1.00e+04, CV-R2 = 0.000)
    [24/40] Fitting ROI: LGd-co     ... done (lambda = 1.00e+03, CV-R2 = 0.000)
    [25/40] Fitting ROI: RPF        ... done (lambda = 1.00e+04, CV-R2 = 0.000)
    [26/40] Fitting ROI: cing       ... done (lambda = 1.00e+04, CV-R2 = 0.000)
    [27/40] Fitting ROI: dhc        ... done (lambda = 1.00e+04, CV-R2 = 0.000)
    [28/40] Fitting ROI: V3         ... done (lambda = 1.00e+04, CV-R2 = 0.000)
    [29/40] Fitting ROI: chpl       ... done (lambda = 1.00e+04, CV-R2 = 0.000)
    [30/40] Fitting ROI: OP         ... done (lambda = 1.00e+04, CV-R2 = 0.000)
    [31/40] Fitting ROI: SUB        ... done (lambda = 1.00e+04, CV-R2 = 0.000)
    [32/40] Fitting ROI: fiber tracts ... done (lambda = 1.00e+03, CV-R2 = 0.000)
    [33/40] Fitting ROI: TH         ... done (lambda = 1.00e+04, CV-R2 = 0.000)
    [34/40] Fitting ROI: SGN        ... done (lambda = 1.00e+04, CV-R2 = 0.000)
    [35/40] Fitting ROI: LGd-ip     ... done (lambda = 1.00e+04, CV-R2 = 0.000)
    [36/40] Fitting ROI: MRNam      ... done (lambda = 1.00e+04, CV-R2 = 0.000)
    [37/40] Fitting ROI: CA1d       ... done (lambda = 1.00e+04, CV-R2 = 0.000)
    [38/40] Fitting ROI: CA3d       ... done (lambda = 1.00e+03, CV-R2 = 0.000)
    [39/40] Fitting ROI: DGd        ... done (lambda = 1.00e+04, CV-R2 = 0.000)
    [40/40] Fitting ROI: CA3i       ... done (lambda = 1.00e+03, CV-R2 = 0.000)
  40 active regions  (lambda range: 1e+03 – 1e+04)

----------------------------------------
--- Sub 27 / 27 ---
----------------------------------------
  TR = 0.200 s   stim_dur = 15.00 s
    [ 1/77] Fitting ROI: alv        ... done (lambda = 1.00e+03, CV-R2 = 0.000)
    [ 2/77] Fitting ROI: ProS       ... done (lambda = 1.00e+03, CV-R2 = 0.000)
    [ 3/77] Fitting ROI: SNc        ... done (lambda = 1.00e+03, CV-R2 = 0.000)
    [ 4/77] Fitting ROI: VISrl      ... done (lambda = 1.00e+03, CV-R2 = 0.000)
    [ 5/77] Fitting ROI: P          ... done (lambda = 1.00e+03, CV-R2 = 0.000)
    [ 6/77] Fitting ROI: SNr        ... done (lambda = 1.00e+03, CV-R2 = 0.000)
    [ 7/77] Fitting ROI: NPC        ... done (lambda = 1.00e+03, CV-R2 = 0.000)
    [ 8/77] Fitting ROI: mp         ... done (lambda = 1.00e+03, CV-R2 = 0.000)
    [ 9/77] Fitting ROI: ccs        ... done (lambda = 1.00e+03, CV-R2 = 0.000)
    [10/77] Fitting ROI: IGL        ... done (lambda = 1.00e+03, CV-R2 = 0.000)
    [11/77] Fitting ROI: MB         ... done (lambda = 1.00e+03, CV-R2 = 0.000)
    [12/77] Fitting ROI: INC        ... done (lambda = 1.00e+03, CV-R2 = 0.000)
    [13/77] Fitting ROI: FC         ... done (lambda = 1.00e+03, CV-R2 = 0.000)
    [14/77] Fitting ROI: NOT        ... done (lambda = 1.00e+03, CV-R2 = 0.000)
    [15/77] Fitting ROI: IPL        ... done (lambda = 1.00e+03, CV-R2 = 0.000)
    [16/77] Fitting ROI: PPT        ... done (lambda = 1.00e+03, CV-R2 = 0.000)
    [17/77] Fitting ROI: ml         ... done (lambda = 1.00e+03, CV-R2 = 0.000)
    [18/77] Fitting ROI: LGd-sh     ... done (lambda = 1.00e+03, CV-R2 = 0.000)
    [19/77] Fitting ROI: SPFp       ... done (lambda = 1.00e+03, CV-R2 = 0.000)
    [20/77] Fitting ROI: VISam      ... done (lambda = 1.00e+03, CV-R2 = 0.000)
    [21/77] Fitting ROI: DGv        ... done (lambda = 1.00e+03, CV-R2 = 0.000)
    [22/77] Fitting ROI: LP         ... done (lambda = 1.00e+02, CV-R2 = 0.000)
    [23/77] Fitting ROI: CA3v       ... done (lambda = 1.00e+03, CV-R2 = 0.000)
    [24/77] Fitting ROI: ZI         ... done (lambda = 1.00e+03, CV-R2 = 0.000)
    [25/77] Fitting ROI: PRC        ... done (lambda = 1.00e+04, CV-R2 = 0.000)
    [26/77] Fitting ROI: IPD        ... done (lambda = 1.00e+03, CV-R2 = 0.000)
    [27/77] Fitting ROI: RN         ... done (lambda = 1.00e+04, CV-R2 = 0.000)
    [28/77] Fitting ROI: IPC        ... done (lambda = 1.00e+03, CV-R2 = 0.000)
    [29/77] Fitting ROI: IPR        ... done (lambda = 1.00e+03, CV-R2 = 0.000)
    [30/77] Fitting ROI: APN        ... done (lambda = 1.00e+03, CV-R2 = 0.000)
    [31/77] Fitting ROI: VISa       ... done (lambda = 1.00e+03, CV-R2 = 0.000)
    [32/77] Fitting ROI: ND         ... done (lambda = 1.00e+03, CV-R2 = 0.000)
    [33/77] Fitting ROI: Eth        ... done (lambda = 1.00e+03, CV-R2 = 0.000)
    [34/77] Fitting ROI: RSPagl     ... done (lambda = 1.00e+03, CV-R2 = 0.000)
    [35/77] Fitting ROI: HPF        ... done (lambda = 1.00e+03, CV-R2 = 0.000)
    [36/77] Fitting ROI: VTA        ... done (lambda = 1.00e+03, CV-R2 = 0.000)
    [37/77] Fitting ROI: POL        ... done (lambda = 1.00e+02, CV-R2 = 0.000)
    [38/77] Fitting ROI: PoT        ... done (lambda = 1.00e+03, CV-R2 = 0.000)
    [39/77] Fitting ROI: LGv        ... done (lambda = 1.00e+03, CV-R2 = 0.000)
    [40/77] Fitting ROI: MGd        ... done (lambda = 1.00e+03, CV-R2 = 0.000)
    [41/77] Fitting ROI: RSPd       ... done (lambda = 1.00e+03, CV-R2 = 0.000)
    [42/77] Fitting ROI: RSPv       ... done (lambda = 1.00e+03, CV-R2 = 0.000)
    [43/77] Fitting ROI: bsc        ... done (lambda = 1.00e+03, CV-R2 = 0.000)
    [44/77] Fitting ROI: PP         ... done (lambda = 1.00e+03, CV-R2 = 0.000)
    [45/77] Fitting ROI: PG         ... done (lambda = 1.00e+03, CV-R2 = 0.000)
    [46/77] Fitting ROI: PN         ... done (lambda = 1.00e+03, CV-R2 = 0.000)
    [47/77] Fitting ROI: MGm        ... done (lambda = 1.00e+03, CV-R2 = 0.000)
    [48/77] Fitting ROI: MGv        ... done (lambda = 1.00e+03, CV-R2 = 0.000)
    [49/77] Fitting ROI: pc         ... done (lambda = 1.00e+03, CV-R2 = 0.000)
    [50/77] Fitting ROI: mcp        ... done (lambda = 1.00e+03, CV-R2 = 0.000)
    [51/77] Fitting ROI: LGd-co     ... done (lambda = 1.00e+03, CV-R2 = 0.000)
    [52/77] Fitting ROI: RPF        ... done (lambda = 1.00e+03, CV-R2 = 0.000)
    [53/77] Fitting ROI: cing       ... done (lambda = 1.00e+03, CV-R2 = 0.000)
    [54/77] Fitting ROI: dhc        ... done (lambda = 1.00e+03, CV-R2 = 0.000)
    [55/77] Fitting ROI: V3         ... done (lambda = 1.00e+03, CV-R2 = 0.000)
    [56/77] Fitting ROI: IF         ... done (lambda = 1.00e+04, CV-R2 = 0.000)
    [57/77] Fitting ROI: PIL        ... done (lambda = 1.00e+03, CV-R2 = 0.000)
    [58/77] Fitting ROI: chpl       ... done (lambda = 1.00e+03, CV-R2 = 0.000)
    [59/77] Fitting ROI: moV        ... done (lambda = 1.00e+03, CV-R2 = 0.000)
    [60/77] Fitting ROI: OP         ... done (lambda = 1.00e+03, CV-R2 = 0.000)
    [61/77] Fitting ROI: rust       ... done (lambda = 1.00e+03, CV-R2 = 0.000)
    [62/77] Fitting ROI: IntG       ... done (lambda = 1.00e+03, CV-R2 = 0.000)
    [63/77] Fitting ROI: SUB        ... done (lambda = 1.00e+03, CV-R2 = 0.000)
    [64/77] Fitting ROI: SSp-bf     ... done (lambda = 1.00e+03, CV-R2 = 0.000)
    [65/77] Fitting ROI: fiber tracts ... done (lambda = 1.00e+03, CV-R2 = 0.000)
    [66/77] Fitting ROI: TH         ... done (lambda = 1.00e+03, CV-R2 = 0.000)
    [67/77] Fitting ROI: SGN        ... done (lambda = 1.00e+03, CV-R2 = 0.000)
    [68/77] Fitting ROI: cpd        ... done (lambda = 1.00e+03, CV-R2 = 0.000)
    [69/77] Fitting ROI: LGd-ip     ... done (lambda = 1.00e+03, CV-R2 = 0.000)
    [70/77] Fitting ROI: MRNal      ... done (lambda = 1.00e+03, CV-R2 = 0.000)
    [71/77] Fitting ROI: MRNam      ... done (lambda = 1.00e+03, CV-R2 = 0.000)
    [72/77] Fitting ROI: PAGa       ... done (lambda = 1.00e+03, CV-R2 = 0.000)
    [73/77] Fitting ROI: CA1d       ... done (lambda = 1.00e+03, CV-R2 = 0.000)
    [74/77] Fitting ROI: CA3d       ... done (lambda = 1.00e+03, CV-R2 = 0.000)
    [75/77] Fitting ROI: DGd        ... done (lambda = 1.00e+03, CV-R2 = 0.000)
    [76/77] Fitting ROI: DGi        ... done (lambda = 1.00e+03, CV-R2 = 0.000)
    [77/77] Fitting ROI: CA3i       ... done (lambda = 1.00e+03, CV-R2 = 0.000)
  77 active regions  (lambda range: 100 – 1e+04)

Results saved to:
  /data00/leonardo/github/fUSI_analyses/ANALYSES/VISUAL/HRF_analysis_revision/results_ridge_loo/ridge_loo_M1_StimOnly_eta003_HRF12s.mat

